2026-06-04 03:40:58.734 -05:00 [INF] [] Microsoft.EntityFrameworkCore.Database.Command Executed DbCommand (32ms) [Parameters=[@normalizedName='?'], CommandType='"Text"', CommandTimeout='30']
SELECT a."Id", a."ConcurrencyStamp", a."Name", a."NormalizedName"
FROM "AspNetRoles" AS a
WHERE a."NormalizedName" = @normalizedName
LIMIT 1
2026-06-04 03:40:58.796 -05:00 [INF] [] Microsoft.EntityFrameworkCore.Database.Command Executed DbCommand (2ms) [Parameters=[@normalizedName='?'], CommandType='"Text"', CommandTimeout='30']
SELECT a."Id", a."ConcurrencyStamp", a."Name", a."NormalizedName"
FROM "AspNetRoles" AS a
WHERE a."NormalizedName" = @normalizedName
LIMIT 1
2026-06-04 03:40:58.797 -05:00 [INF] [] Microsoft.EntityFrameworkCore.Database.Command Executed DbCommand (1ms) [Parameters=[@normalizedName='?'], CommandType='"Text"', CommandTimeout='30']
SELECT a."Id", a."ConcurrencyStamp", a."Name", a."NormalizedName"
FROM "AspNetRoles" AS a
WHERE a."NormalizedName" = @normalizedName
LIMIT 1
2026-06-04 03:40:58.806 -05:00 [INF] [] Microsoft.EntityFrameworkCore.Database.Command Executed DbCommand (2ms) [Parameters=[@normalizedEmail='?'], CommandType='"Text"', CommandTimeout='30']
SELECT a."Id", a."AccessFailedCount", a."ConcurrencyStamp", a."CreatedAt", a."Email", a."EmailConfirmed", a."FirstName", a."LastName", a."LockoutEnabled", a."LockoutEnd", a."NormalizedEmail", a."NormalizedUserName", a."PasswordHash", a."PhoneNumber", a."PhoneNumberConfirmed", a."SecurityStamp", a."Timezone", a."TwoFactorEnabled", a."UserName"
FROM "AspNetUsers" AS a
WHERE a."NormalizedEmail" = @normalizedEmail
LIMIT 2
2026-06-04 03:40:58.923 -05:00 [INF] [] Microsoft.Hosting.Lifetime Now listening on: http://localhost:5050
2026-06-04 03:40:58.924 -05:00 [INF] [] Microsoft.Hosting.Lifetime Application started. Press Ctrl+C to shut down.
2026-06-04 03:40:58.924 -05:00 [INF] [] Microsoft.Hosting.Lifetime Hosting environment: Development
2026-06-04 03:40:58.924 -05:00 [INF] [] Microsoft.Hosting.Lifetime Content root path: A:\Coding\minded-connections\backend\MindedConnections.Api
2026-06-04 03:41:17.830 -05:00 [WRN] [76f01071-b7c4-4872-a7dd-a6312d456096] Microsoft.AspNetCore.HttpsPolicy.HttpsRedirectionMiddleware Failed to determine the https port for redirect.
2026-06-04 03:41:18.012 -05:00 [INF] [76f01071-b7c4-4872-a7dd-a6312d456096] Microsoft.EntityFrameworkCore.Database.Command Executed DbCommand (1ms) [Parameters=[@normalizedUserName='?'], CommandType='"Text"', CommandTimeout='30']
SELECT a."Id", a."AccessFailedCount", a."ConcurrencyStamp", a."CreatedAt", a."Email", a."EmailConfirmed", a."FirstName", a."LastName", a."LockoutEnabled", a."LockoutEnd", a."NormalizedEmail", a."NormalizedUserName", a."PasswordHash", a."PhoneNumber", a."PhoneNumberConfirmed", a."SecurityStamp", a."Timezone", a."TwoFactorEnabled", a."UserName"
FROM "AspNetUsers" AS a
WHERE a."NormalizedUserName" = @normalizedUserName
LIMIT 1
2026-06-04 03:41:18.016 -05:00 [INF] [76f01071-b7c4-4872-a7dd-a6312d456096] Microsoft.EntityFrameworkCore.Database.Command Executed DbCommand (1ms) [Parameters=[@normalizedEmail='?'], CommandType='"Text"', CommandTimeout='30']
SELECT a."Id", a."AccessFailedCount", a."ConcurrencyStamp", a."CreatedAt", a."Email", a."EmailConfirmed", a."FirstName", a."LastName", a."LockoutEnabled", a."LockoutEnd", a."NormalizedEmail", a."NormalizedUserName", a."PasswordHash", a."PhoneNumber", a."PhoneNumberConfirmed", a."SecurityStamp", a."Timezone", a."TwoFactorEnabled", a."UserName"
FROM "AspNetUsers" AS a
WHERE a."NormalizedEmail" = @normalizedEmail
LIMIT 2
2026-06-04 03:41:18.019 -05:00 [WRN] [76f01071-b7c4-4872-a7dd-a6312d456096] MindedConnections.Api.Services.Users.UsersService Failed to create provider rafamej12@gmail.com: Username 'rafamej12@gmail.com' is already taken.; Email 'rafamej12@gmail.com' is already taken.
2026-06-04 03:41:18.032 -05:00 [WRN] [76f01071-b7c4-4872-a7dd-a6312d456096] Serilog.AspNetCore.RequestLoggingMiddleware HTTP POST /users/providers responded 400 in 201.5ms
2026-06-04 03:43:39.009 -05:00 [INF] [] Microsoft.Hosting.Lifetime Application is shutting down...
2026-06-04 03:43:42.718 -05:00 [INF] [] Microsoft.EntityFrameworkCore.Database.Command Executed DbCommand (38ms) [Parameters=[@normalizedName='?'], CommandType='"Text"', CommandTimeout='30']
SELECT a."Id", a."ConcurrencyStamp", a."Name", a."NormalizedName"
FROM "AspNetRoles" AS a
WHERE a."NormalizedName" = @normalizedName
LIMIT 1
2026-06-04 03:43:42.779 -05:00 [INF] [] Microsoft.EntityFrameworkCore.Database.Command Executed DbCommand (2ms) [Parameters=[@normalizedName='?'], CommandType='"Text"', CommandTimeout='30']
SELECT a."Id", a."ConcurrencyStamp", a."Name", a."NormalizedName"
FROM "AspNetRoles" AS a
WHERE a."NormalizedName" = @normalizedName
LIMIT 1
2026-06-04 03:43:42.781 -05:00 [INF] [] Microsoft.EntityFrameworkCore.Database.Command Executed DbCommand (1ms) [Parameters=[@normalizedName='?'], CommandType='"Text"', CommandTimeout='30']
SELECT a."Id", a."ConcurrencyStamp", a."Name", a."NormalizedName"
FROM "AspNetRoles" AS a
WHERE a."NormalizedName" = @normalizedName
LIMIT 1
2026-06-04 03:43:42.789 -05:00 [INF] [] Microsoft.EntityFrameworkCore.Database.Command Executed DbCommand (1ms) [Parameters=[@normalizedEmail='?'], CommandType='"Text"', CommandTimeout='30']
SELECT a."Id", a."AccessFailedCount", a."ConcurrencyStamp", a."CreatedAt", a."Email", a."EmailConfirmed", a."FirstName", a."LastName", a."LockoutEnabled", a."LockoutEnd", a."NormalizedEmail", a."NormalizedUserName", a."PasswordHash", a."PhoneNumber", a."PhoneNumberConfirmed", a."SecurityStamp", a."Timezone", a."TwoFactorEnabled", a."UserName"
FROM "AspNetUsers" AS a
WHERE a."NormalizedEmail" = @normalizedEmail
LIMIT 2
2026-06-04 03:43:42.906 -05:00 [INF] [] Microsoft.Hosting.Lifetime Now listening on: http://localhost:5050
2026-06-04 03:43:42.907 -05:00 [INF] [] Microsoft.Hosting.Lifetime Application started. Press Ctrl+C to shut down.
2026-06-04 03:43:42.907 -05:00 [INF] [] Microsoft.Hosting.Lifetime Hosting environment: Development
2026-06-04 03:43:42.907 -05:00 [INF] [] Microsoft.Hosting.Lifetime Content root path: A:\Coding\minded-connections\backend\MindedConnections.Api
2026-06-04 03:43:46.765 -05:00 [WRN] [f578d0dd-fffe-4b18-b4d7-a85e63ca3795] Microsoft.AspNetCore.HttpsPolicy.HttpsRedirectionMiddleware Failed to determine the https port for redirect.
2026-06-04 03:43:46.789 -05:00 [WRN] [f578d0dd-fffe-4b18-b4d7-a85e63ca3795] Serilog.AspNetCore.RequestLoggingMiddleware HTTP POST /users/providers responded 401 in 23.8ms
2026-06-04 03:43:46.925 -05:00 [INF] [65776067-b82d-4e6b-81eb-2548d4d48679] Microsoft.EntityFrameworkCore.Database.Command Executed DbCommand (3ms) [Parameters=[@incomingToken='?'], CommandType='"Text"', CommandTimeout='30']
SELECT r."Id", r.created_at, r.expires_at, r.revoked_at, r.token, r.user_id, a."Id", a."AccessFailedCount", a."ConcurrencyStamp", a."CreatedAt", a."Email", a."EmailConfirmed", a."FirstName", a."LastName", a."LockoutEnabled", a."LockoutEnd", a."NormalizedEmail", a."NormalizedUserName", a."PasswordHash", a."PhoneNumber", a."PhoneNumberConfirmed", a."SecurityStamp", a."Timezone", a."TwoFactorEnabled", a."UserName"
FROM refresh_tokens AS r
INNER JOIN "AspNetUsers" AS a ON r.user_id = a."Id"
WHERE r.token = @incomingToken
LIMIT 2
2026-06-04 03:43:47.046 -05:00 [INF] [65776067-b82d-4e6b-81eb-2548d4d48679] Microsoft.EntityFrameworkCore.Database.Command Executed DbCommand (4ms) [Parameters=[@p1='?' (DbType = Int32), @p0='?' (DbType = DateTime), @p2='?' (DbType = DateTime), @p3='?' (DbType = DateTime), @p4='?' (DbType = DateTime), @p5='?', @p6='?'], CommandType='"Text"', CommandTimeout='30']
UPDATE refresh_tokens SET revoked_at = @p0
WHERE "Id" = @p1;
INSERT INTO refresh_tokens (created_at, expires_at, revoked_at, token, user_id)
VALUES (@p2, @p3, @p4, @p5, @p6)
RETURNING "Id";
2026-06-04 03:43:47.085 -05:00 [INF] [65776067-b82d-4e6b-81eb-2548d4d48679] Microsoft.EntityFrameworkCore.Database.Command Executed DbCommand (2ms) [Parameters=[@userId='?'], CommandType='"Text"', CommandTimeout='30']
SELECT a0."Name"
FROM "AspNetUserRoles" AS a
INNER JOIN "AspNetRoles" AS a0 ON a."RoleId" = a0."Id"
WHERE a."UserId" = @userId
2026-06-04 03:43:47.103 -05:00 [DBG] [65776067-b82d-4e6b-81eb-2548d4d48679] MindedConnections.Api.Services.Auth.AuthService Refresh token rotated for user a2693a4d-fa3f-4037-b8f7-356710972fa9
2026-06-04 03:43:47.118 -05:00 [INF] [65776067-b82d-4e6b-81eb-2548d4d48679] Serilog.AspNetCore.RequestLoggingMiddleware HTTP POST /auth/refresh responded 200 in 295.6ms
2026-06-04 03:43:47.271 -05:00 [INF] [8919d424-c29d-4869-8b9b-ad41e733dd3b] Microsoft.EntityFrameworkCore.Database.Command Executed DbCommand (1ms) [Parameters=[@normalizedUserName='?'], CommandType='"Text"', CommandTimeout='30']
SELECT a."Id", a."AccessFailedCount", a."ConcurrencyStamp", a."CreatedAt", a."Email", a."EmailConfirmed", a."FirstName", a."LastName", a."LockoutEnabled", a."LockoutEnd", a."NormalizedEmail", a."NormalizedUserName", a."PasswordHash", a."PhoneNumber", a."PhoneNumberConfirmed", a."SecurityStamp", a."Timezone", a."TwoFactorEnabled", a."UserName"
FROM "AspNetUsers" AS a
WHERE a."NormalizedUserName" = @normalizedUserName
LIMIT 1
2026-06-04 03:43:47.277 -05:00 [INF] [8919d424-c29d-4869-8b9b-ad41e733dd3b] Microsoft.EntityFrameworkCore.Database.Command Executed DbCommand (1ms) [Parameters=[@normalizedEmail='?'], CommandType='"Text"', CommandTimeout='30']
SELECT a."Id", a."AccessFailedCount", a."ConcurrencyStamp", a."CreatedAt", a."Email", a."EmailConfirmed", a."FirstName", a."LastName", a."LockoutEnabled", a."LockoutEnd", a."NormalizedEmail", a."NormalizedUserName", a."PasswordHash", a."PhoneNumber", a."PhoneNumberConfirmed", a."SecurityStamp", a."Timezone", a."TwoFactorEnabled", a."UserName"
FROM "AspNetUsers" AS a
WHERE a."NormalizedEmail" = @normalizedEmail
LIMIT 2
2026-06-04 03:43:47.293 -05:00 [INF] [8919d424-c29d-4869-8b9b-ad41e733dd3b] Microsoft.EntityFrameworkCore.Database.Command Executed DbCommand (5ms) [Parameters=[@p0='?', @p1='?' (DbType = Int32), @p2='?', @p3='?' (DbType = DateTime), @p4='?', @p5='?' (DbType = Boolean), @p6='?', @p7='?', @p8='?' (DbType = Boolean), @p9='?' (DbType = DateTime), @p10='?', @p11='?', @p12='?', @p13='?', @p14='?' (DbType = Boolean), @p15='?', @p16='?', @p17='?' (DbType = Boolean), @p18='?'], CommandType='"Text"', CommandTimeout='30']
INSERT INTO "AspNetUsers" ("Id", "AccessFailedCount", "ConcurrencyStamp", "CreatedAt", "Email", "EmailConfirmed", "FirstName", "LastName", "LockoutEnabled", "LockoutEnd", "NormalizedEmail", "NormalizedUserName", "PasswordHash", "PhoneNumber", "PhoneNumberConfirmed", "SecurityStamp", "Timezone", "TwoFactorEnabled", "UserName")
VALUES (@p0, @p1, @p2, @p3, @p4, @p5, @p6, @p7, @p8, @p9, @p10, @p11, @p12, @p13, @p14, @p15, @p16, @p17, @p18);
2026-06-04 03:43:47.313 -05:00 [INF] [8919d424-c29d-4869-8b9b-ad41e733dd3b] Microsoft.EntityFrameworkCore.Database.Command Executed DbCommand (1ms) [Parameters=[@normalizedRoleName='?'], CommandType='"Text"', CommandTimeout='30']
SELECT a."Id", a."ConcurrencyStamp", a."Name", a."NormalizedName"
FROM "AspNetRoles" AS a
WHERE a."NormalizedName" = @normalizedRoleName
LIMIT 2
2026-06-04 03:43:47.333 -05:00 [INF] [8919d424-c29d-4869-8b9b-ad41e733dd3b] Microsoft.EntityFrameworkCore.Database.Command Executed DbCommand (1ms) [Parameters=[@p='?', @p1='?'], CommandType='"Text"', CommandTimeout='30']
SELECT a."UserId", a."RoleId"
FROM "AspNetUserRoles" AS a
WHERE a."UserId" = @p AND a."RoleId" = @p1
LIMIT 1
2026-06-04 03:43:47.336 -05:00 [INF] [8919d424-c29d-4869-8b9b-ad41e733dd3b] Microsoft.EntityFrameworkCore.Database.Command Executed DbCommand (1ms) [Parameters=[@normalizedRoleName='?'], CommandType='"Text"', CommandTimeout='30']
SELECT a."Id", a."ConcurrencyStamp", a."Name", a."NormalizedName"
FROM "AspNetRoles" AS a
WHERE a."NormalizedName" = @normalizedRoleName
LIMIT 2
2026-06-04 03:43:47.343 -05:00 [INF] [8919d424-c29d-4869-8b9b-ad41e733dd3b] Microsoft.EntityFrameworkCore.Database.Command Executed DbCommand (1ms) [Parameters=[@normalizedUserName='?'], CommandType='"Text"', CommandTimeout='30']
SELECT a."Id", a."AccessFailedCount", a."ConcurrencyStamp", a."CreatedAt", a."Email", a."EmailConfirmed", a."FirstName", a."LastName", a."LockoutEnabled", a."LockoutEnd", a."NormalizedEmail", a."NormalizedUserName", a."PasswordHash", a."PhoneNumber", a."PhoneNumberConfirmed", a."SecurityStamp", a."Timezone", a."TwoFactorEnabled", a."UserName"
FROM "AspNetUsers" AS a
WHERE a."NormalizedUserName" = @normalizedUserName
LIMIT 1
2026-06-04 03:43:47.345 -05:00 [INF] [8919d424-c29d-4869-8b9b-ad41e733dd3b] Microsoft.EntityFrameworkCore.Database.Command Executed DbCommand (1ms) [Parameters=[@normalizedEmail='?'], CommandType='"Text"', CommandTimeout='30']
SELECT a."Id", a."AccessFailedCount", a."ConcurrencyStamp", a."CreatedAt", a."Email", a."EmailConfirmed", a."FirstName", a."LastName", a."LockoutEnabled", a."LockoutEnd", a."NormalizedEmail", a."NormalizedUserName", a."PasswordHash", a."PhoneNumber", a."PhoneNumberConfirmed", a."SecurityStamp", a."Timezone", a."TwoFactorEnabled", a."UserName"
FROM "AspNetUsers" AS a
WHERE a."NormalizedEmail" = @normalizedEmail
LIMIT 2
2026-06-04 03:43:47.360 -05:00 [INF] [8919d424-c29d-4869-8b9b-ad41e733dd3b] Microsoft.EntityFrameworkCore.Database.Command Executed DbCommand (2ms) [Parameters=[@p0='?', @p1='?', @p20='?', @p2='?' (DbType = Int32), @p3='?', @p21='?', @p4='?' (DbType = DateTime), @p5='?', @p6='?' (DbType = Boolean), @p7='?', @p8='?', @p9='?' (DbType = Boolean), @p10='?' (DbType = DateTime), @p11='?', @p12='?', @p13='?', @p14='?', @p15='?' (DbType = Boolean), @p16='?', @p17='?', @p18='?' (DbType = Boolean), @p19='?'], CommandType='"Text"', CommandTimeout='30']
INSERT INTO "AspNetUserRoles" ("RoleId", "UserId")
VALUES (@p0, @p1);
UPDATE "AspNetUsers" SET "AccessFailedCount" = @p2, "ConcurrencyStamp" = @p3, "CreatedAt" = @p4, "Email" = @p5, "EmailConfirmed" = @p6, "FirstName" = @p7, "LastName" = @p8, "LockoutEnabled" = @p9, "LockoutEnd" = @p10, "NormalizedEmail" = @p11, "NormalizedUserName" = @p12, "PasswordHash" = @p13, "PhoneNumber" = @p14, "PhoneNumberConfirmed" = @p15, "SecurityStamp" = @p16, "Timezone" = @p17, "TwoFactorEnabled" = @p18, "UserName" = @p19
WHERE "Id" = @p20 AND "ConcurrencyStamp" = @p21;
2026-06-04 03:43:47.364 -05:00 [INF] [8919d424-c29d-4869-8b9b-ad41e733dd3b] MindedConnections.Api.Services.Users.UsersService Provider account created: 3db28be2-44cb-43fd-865c-ee1bcca66e1f (prov@mail.com)
2026-06-04 03:43:47.384 -05:00 [INF] [8919d424-c29d-4869-8b9b-ad41e733dd3b] Microsoft.EntityFrameworkCore.Database.Command Executed DbCommand (4ms) [Parameters=[@p0='?', @p1='?', @p2='?', @p3='?', @p4='?'], CommandType='"Text"', CommandTimeout='30']
INSERT INTO provider_profiles (user_id, avatar_url, bio, specialty, title)
VALUES (@p0, @p1, @p2, @p3, @p4);
2026-06-04 03:43:47.387 -05:00 [INF] [8919d424-c29d-4869-8b9b-ad41e733dd3b] Serilog.AspNetCore.RequestLoggingMiddleware HTTP POST /users/providers responded 201 in 258.4ms
2026-06-04 03:43:47.591 -05:00 [INF] [c68e5950-b15c-4507-8615-420d545c20e0] Microsoft.EntityFrameworkCore.Database.Command Executed DbCommand (1ms) [Parameters=[@query_Role='?'], CommandType='"Text"', CommandTimeout='30']
SELECT count(*)::int
FROM "AspNetUsers" AS a
LEFT JOIN "AspNetUserRoles" AS a0 ON a."Id" = a0."UserId"
LEFT JOIN "AspNetRoles" AS a1 ON a0."RoleId" = a1."Id"
WHERE a1."Name" = @query_Role
2026-06-04 03:43:47.605 -05:00 [INF] [c68e5950-b15c-4507-8615-420d545c20e0] Microsoft.EntityFrameworkCore.Database.Command Executed DbCommand (2ms) [Parameters=[@query_Role='?', @p2='?' (DbType = Int32), @p='?' (DbType = Int32)], CommandType='"Text"', CommandTimeout='30']
SELECT a."Id", a."AccessFailedCount", a."ConcurrencyStamp", a."CreatedAt", a."Email", a."EmailConfirmed", a."FirstName", a."LastName", a."LockoutEnabled", a."LockoutEnd", a."NormalizedEmail", a."NormalizedUserName", a."PasswordHash", a."PhoneNumber", a."PhoneNumberConfirmed", a."SecurityStamp", a."Timezone", a."TwoFactorEnabled", a."UserName", a1."Name"
FROM "AspNetUsers" AS a
LEFT JOIN "AspNetUserRoles" AS a0 ON a."Id" = a0."UserId"
LEFT JOIN "AspNetRoles" AS a1 ON a0."RoleId" = a1."Id"
WHERE a1."Name" = @query_Role
ORDER BY a."CreatedAt"
LIMIT @p2 OFFSET @p
2026-06-04 03:43:47.610 -05:00 [INF] [c68e5950-b15c-4507-8615-420d545c20e0] Serilog.AspNetCore.RequestLoggingMiddleware HTTP GET /users responded 200 in 54.5ms
2026-06-04 03:45:33.801 -05:00 [INF] [6a0e781b-7403-4700-9e09-a06e06cc6a9e] Microsoft.EntityFrameworkCore.Database.Command Executed DbCommand (1ms) [Parameters=[@query_Role='?'], CommandType='"Text"', CommandTimeout='30']
SELECT count(*)::int
FROM "AspNetUsers" AS a
LEFT JOIN "AspNetUserRoles" AS a0 ON a."Id" = a0."UserId"
LEFT JOIN "AspNetRoles" AS a1 ON a0."RoleId" = a1."Id"
WHERE a1."Name" = @query_Role
2026-06-04 03:45:33.803 -05:00 [INF] [6a0e781b-7403-4700-9e09-a06e06cc6a9e] Microsoft.EntityFrameworkCore.Database.Command Executed DbCommand (1ms) [Parameters=[@query_Role='?', @p2='?' (DbType = Int32), @p='?' (DbType = Int32)], CommandType='"Text"', CommandTimeout='30']
SELECT a."Id", a."AccessFailedCount", a."ConcurrencyStamp", a."CreatedAt", a."Email", a."EmailConfirmed", a."FirstName", a."LastName", a."LockoutEnabled", a."LockoutEnd", a."NormalizedEmail", a."NormalizedUserName", a."PasswordHash", a."PhoneNumber", a."PhoneNumberConfirmed", a."SecurityStamp", a."Timezone", a."TwoFactorEnabled", a."UserName", a1."Name"
FROM "AspNetUsers" AS a
LEFT JOIN "AspNetUserRoles" AS a0 ON a."Id" = a0."UserId"
LEFT JOIN "AspNetRoles" AS a1 ON a0."RoleId" = a1."Id"
WHERE a1."Name" = @query_Role
ORDER BY a."CreatedAt"
LIMIT @p2 OFFSET @p
2026-06-04 03:45:33.804 -05:00 [INF] [6a0e781b-7403-4700-9e09-a06e06cc6a9e] Serilog.AspNetCore.RequestLoggingMiddleware HTTP GET /users responded 200 in 12.7ms
2026-06-04 03:46:12.787 -05:00 [INF] [466efdf4-090d-490a-959b-645298953582] Microsoft.EntityFrameworkCore.Database.Command Executed DbCommand (1ms) [Parameters=[@incomingToken='?'], CommandType='"Text"', CommandTimeout='30']
SELECT r."Id", r.created_at, r.expires_at, r.revoked_at, r.token, r.user_id, a."Id", a."AccessFailedCount", a."ConcurrencyStamp", a."CreatedAt", a."Email", a."EmailConfirmed", a."FirstName", a."LastName", a."LockoutEnabled", a."LockoutEnd", a."NormalizedEmail", a."NormalizedUserName", a."PasswordHash", a."PhoneNumber", a."PhoneNumberConfirmed", a."SecurityStamp", a."Timezone", a."TwoFactorEnabled", a."UserName"
FROM refresh_tokens AS r
INNER JOIN "AspNetUsers" AS a ON r.user_id = a."Id"
WHERE r.token = @incomingToken
LIMIT 2
2026-06-04 03:46:12.791 -05:00 [INF] [466efdf4-090d-490a-959b-645298953582] Microsoft.EntityFrameworkCore.Database.Command Executed DbCommand (1ms) [Parameters=[@p1='?' (DbType = Int32), @p0='?' (DbType = DateTime), @p2='?' (DbType = DateTime), @p3='?' (DbType = DateTime), @p4='?' (DbType = DateTime), @p5='?', @p6='?'], CommandType='"Text"', CommandTimeout='30']
UPDATE refresh_tokens SET revoked_at = @p0
WHERE "Id" = @p1;
INSERT INTO refresh_tokens (created_at, expires_at, revoked_at, token, user_id)
VALUES (@p2, @p3, @p4, @p5, @p6)
RETURNING "Id";
2026-06-04 03:46:12.796 -05:00 [INF] [466efdf4-090d-490a-959b-645298953582] Microsoft.EntityFrameworkCore.Database.Command Executed DbCommand (1ms) [Parameters=[@userId='?'], CommandType='"Text"', CommandTimeout='30']
SELECT a0."Name"
FROM "AspNetUserRoles" AS a
INNER JOIN "AspNetRoles" AS a0 ON a."RoleId" = a0."Id"
WHERE a."UserId" = @userId
2026-06-04 03:46:12.797 -05:00 [DBG] [466efdf4-090d-490a-959b-645298953582] MindedConnections.Api.Services.Auth.AuthService Refresh token rotated for user a2693a4d-fa3f-4037-b8f7-356710972fa9
2026-06-04 03:46:12.798 -05:00 [INF] [466efdf4-090d-490a-959b-645298953582] Serilog.AspNetCore.RequestLoggingMiddleware HTTP POST /auth/refresh responded 200 in 13.5ms
2026-06-04 03:46:12.884 -05:00 [INF] [1b143d19-43b7-4ba6-b54c-3f07ceebcfd2] Microsoft.EntityFrameworkCore.Database.Command Executed DbCommand (1ms) [Parameters=[@p='?'], CommandType='"Text"', CommandTimeout='30']
SELECT a."Id", a."AccessFailedCount", a."ConcurrencyStamp", a."CreatedAt", a."Email", a."EmailConfirmed", a."FirstName", a."LastName", a."LockoutEnabled", a."LockoutEnd", a."NormalizedEmail", a."NormalizedUserName", a."PasswordHash", a."PhoneNumber", a."PhoneNumberConfirmed", a."SecurityStamp", a."Timezone", a."TwoFactorEnabled", a."UserName"
FROM "AspNetUsers" AS a
WHERE a."Id" = @p
LIMIT 1
2026-06-04 03:46:12.887 -05:00 [INF] [1b143d19-43b7-4ba6-b54c-3f07ceebcfd2] Microsoft.EntityFrameworkCore.Database.Command Executed DbCommand (1ms) [Parameters=[@userId='?'], CommandType='"Text"', CommandTimeout='30']
SELECT a0."Name"
FROM "AspNetUserRoles" AS a
INNER JOIN "AspNetRoles" AS a0 ON a."RoleId" = a0."Id"
WHERE a."UserId" = @userId
2026-06-04 03:46:12.890 -05:00 [INF] [1b143d19-43b7-4ba6-b54c-3f07ceebcfd2] Serilog.AspNetCore.RequestLoggingMiddleware HTTP GET /auth/me responded 200 in 23.3ms
2026-06-04 03:46:12.936 -05:00 [INF] [00d2d78f-4d5c-4419-8b49-2ee0b2cc47d9] Microsoft.EntityFrameworkCore.Database.Command Executed DbCommand (1ms) [Parameters=[@query_Role='?'], CommandType='"Text"', CommandTimeout='30']
SELECT count(*)::int
FROM "AspNetUsers" AS a
LEFT JOIN "AspNetUserRoles" AS a0 ON a."Id" = a0."UserId"
LEFT JOIN "AspNetRoles" AS a1 ON a0."RoleId" = a1."Id"
WHERE a1."Name" = @query_Role
2026-06-04 03:46:12.938 -05:00 [INF] [00d2d78f-4d5c-4419-8b49-2ee0b2cc47d9] Microsoft.EntityFrameworkCore.Database.Command Executed DbCommand (1ms) [Parameters=[@query_Role='?', @p2='?' (DbType = Int32), @p='?' (DbType = Int32)], CommandType='"Text"', CommandTimeout='30']
SELECT a."Id", a."AccessFailedCount", a."ConcurrencyStamp", a."CreatedAt", a."Email", a."EmailConfirmed", a."FirstName", a."LastName", a."LockoutEnabled", a."LockoutEnd", a."NormalizedEmail", a."NormalizedUserName", a."PasswordHash", a."PhoneNumber", a."PhoneNumberConfirmed", a."SecurityStamp", a."Timezone", a."TwoFactorEnabled", a."UserName", a1."Name"
FROM "AspNetUsers" AS a
LEFT JOIN "AspNetUserRoles" AS a0 ON a."Id" = a0."UserId"
LEFT JOIN "AspNetRoles" AS a1 ON a0."RoleId" = a1."Id"
WHERE a1."Name" = @query_Role
ORDER BY a."CreatedAt"
LIMIT @p2 OFFSET @p
2026-06-04 03:46:12.939 -05:00 [INF] [00d2d78f-4d5c-4419-8b49-2ee0b2cc47d9] Serilog.AspNetCore.RequestLoggingMiddleware HTTP GET /users responded 200 in 5.9ms
2026-06-04 03:47:12.937 -05:00 [INF] [0e5e9d1b-531b-4559-b363-ddde2c72078e] Microsoft.EntityFrameworkCore.Database.Command Executed DbCommand (1ms) [Parameters=[@query_Role='?'], CommandType='"Text"', CommandTimeout='30']
SELECT count(*)::int
FROM "AspNetUsers" AS a
LEFT JOIN "AspNetUserRoles" AS a0 ON a."Id" = a0."UserId"
LEFT JOIN "AspNetRoles" AS a1 ON a0."RoleId" = a1."Id"
WHERE a1."Name" = @query_Role
2026-06-04 03:47:12.939 -05:00 [INF] [0e5e9d1b-531b-4559-b363-ddde2c72078e] Microsoft.EntityFrameworkCore.Database.Command Executed DbCommand (1ms) [Parameters=[@query_Role='?', @p2='?' (DbType = Int32), @p='?' (DbType = Int32)], CommandType='"Text"', CommandTimeout='30']
SELECT a."Id", a."AccessFailedCount", a."ConcurrencyStamp", a."CreatedAt", a."Email", a."EmailConfirmed", a."FirstName", a."LastName", a."LockoutEnabled", a."LockoutEnd", a."NormalizedEmail", a."NormalizedUserName", a."PasswordHash", a."PhoneNumber", a."PhoneNumberConfirmed", a."SecurityStamp", a."Timezone", a."TwoFactorEnabled", a."UserName", a1."Name"
FROM "AspNetUsers" AS a
LEFT JOIN "AspNetUserRoles" AS a0 ON a."Id" = a0."UserId"
LEFT JOIN "AspNetRoles" AS a1 ON a0."RoleId" = a1."Id"
WHERE a1."Name" = @query_Role
ORDER BY a."CreatedAt"
LIMIT @p2 OFFSET @p
2026-06-04 03:47:12.939 -05:00 [INF] [0e5e9d1b-531b-4559-b363-ddde2c72078e] Serilog.AspNetCore.RequestLoggingMiddleware HTTP GET /users responded 200 in 4.8ms
2026-06-04 03:47:16.343 -05:00 [INF] [a6f25d3e-289d-4e63-88a2-06ce94e1c85c] Microsoft.EntityFrameworkCore.Database.Command Executed DbCommand (2ms) [Parameters=[], CommandType='"Text"', CommandTimeout='30']
SELECT a1."Name" AS "Role", count(*)::int AS "Count"
FROM "AspNetUsers" AS a
LEFT JOIN "AspNetUserRoles" AS a0 ON a."Id" = a0."UserId"
LEFT JOIN "AspNetRoles" AS a1 ON a0."RoleId" = a1."Id"
GROUP BY a1."Name"
2026-06-04 03:47:16.347 -05:00 [INF] [a6f25d3e-289d-4e63-88a2-06ce94e1c85c] Microsoft.EntityFrameworkCore.Database.Command Executed DbCommand (1ms) [Parameters=[], CommandType='"Text"', CommandTimeout='30']
SELECT count(*)::int
FROM "AspNetUsers" AS a
2026-06-04 03:47:16.349 -05:00 [INF] [a6f25d3e-289d-4e63-88a2-06ce94e1c85c] Serilog.AspNetCore.RequestLoggingMiddleware HTTP GET /users/stats responded 200 in 32.8ms
2026-06-04 03:48:01.036 -05:00 [INF] [b99c3241-9b18-4c29-b607-753e8efdd323] Microsoft.EntityFrameworkCore.Database.Command Executed DbCommand (1ms) [Parameters=[@normalizedUserName='?'], CommandType='"Text"', CommandTimeout='30']
SELECT a."Id", a."AccessFailedCount", a."ConcurrencyStamp", a."CreatedAt", a."Email", a."EmailConfirmed", a."FirstName", a."LastName", a."LockoutEnabled", a."LockoutEnd", a."NormalizedEmail", a."NormalizedUserName", a."PasswordHash", a."PhoneNumber", a."PhoneNumberConfirmed", a."SecurityStamp", a."Timezone", a."TwoFactorEnabled", a."UserName"
FROM "AspNetUsers" AS a
WHERE a."NormalizedUserName" = @normalizedUserName
LIMIT 1
2026-06-04 03:48:01.037 -05:00 [INF] [b99c3241-9b18-4c29-b607-753e8efdd323] Microsoft.EntityFrameworkCore.Database.Command Executed DbCommand (1ms) [Parameters=[@normalizedEmail='?'], CommandType='"Text"', CommandTimeout='30']
SELECT a."Id", a."AccessFailedCount", a."ConcurrencyStamp", a."CreatedAt", a."Email", a."EmailConfirmed", a."FirstName", a."LastName", a."LockoutEnabled", a."LockoutEnd", a."NormalizedEmail", a."NormalizedUserName", a."PasswordHash", a."PhoneNumber", a."PhoneNumberConfirmed", a."SecurityStamp", a."Timezone", a."TwoFactorEnabled", a."UserName"
FROM "AspNetUsers" AS a
WHERE a."NormalizedEmail" = @normalizedEmail
LIMIT 2
2026-06-04 03:48:01.041 -05:00 [INF] [b99c3241-9b18-4c29-b607-753e8efdd323] Microsoft.EntityFrameworkCore.Database.Command Executed DbCommand (3ms) [Parameters=[@p0='?', @p1='?' (DbType = Int32), @p2='?', @p3='?' (DbType = DateTime), @p4='?', @p5='?' (DbType = Boolean), @p6='?', @p7='?', @p8='?' (DbType = Boolean), @p9='?' (DbType = DateTime), @p10='?', @p11='?', @p12='?', @p13='?', @p14='?' (DbType = Boolean), @p15='?', @p16='?', @p17='?' (DbType = Boolean), @p18='?'], CommandType='"Text"', CommandTimeout='30']
INSERT INTO "AspNetUsers" ("Id", "AccessFailedCount", "ConcurrencyStamp", "CreatedAt", "Email", "EmailConfirmed", "FirstName", "LastName", "LockoutEnabled", "LockoutEnd", "NormalizedEmail", "NormalizedUserName", "PasswordHash", "PhoneNumber", "PhoneNumberConfirmed", "SecurityStamp", "Timezone", "TwoFactorEnabled", "UserName")
VALUES (@p0, @p1, @p2, @p3, @p4, @p5, @p6, @p7, @p8, @p9, @p10, @p11, @p12, @p13, @p14, @p15, @p16, @p17, @p18);
2026-06-04 03:48:01.042 -05:00 [INF] [b99c3241-9b18-4c29-b607-753e8efdd323] Microsoft.EntityFrameworkCore.Database.Command Executed DbCommand (1ms) [Parameters=[@normalizedRoleName='?'], CommandType='"Text"', CommandTimeout='30']
SELECT a."Id", a."ConcurrencyStamp", a."Name", a."NormalizedName"
FROM "AspNetRoles" AS a
WHERE a."NormalizedName" = @normalizedRoleName
LIMIT 2
2026-06-04 03:48:01.043 -05:00 [INF] [b99c3241-9b18-4c29-b607-753e8efdd323] Microsoft.EntityFrameworkCore.Database.Command Executed DbCommand (1ms) [Parameters=[@p='?', @p1='?'], CommandType='"Text"', CommandTimeout='30']
SELECT a."UserId", a."RoleId"
FROM "AspNetUserRoles" AS a
WHERE a."UserId" = @p AND a."RoleId" = @p1
LIMIT 1
2026-06-04 03:48:01.044 -05:00 [INF] [b99c3241-9b18-4c29-b607-753e8efdd323] Microsoft.EntityFrameworkCore.Database.Command Executed DbCommand (1ms) [Parameters=[@normalizedRoleName='?'], CommandType='"Text"', CommandTimeout='30']
SELECT a."Id", a."ConcurrencyStamp", a."Name", a."NormalizedName"
FROM "AspNetRoles" AS a
WHERE a."NormalizedName" = @normalizedRoleName
LIMIT 2
2026-06-04 03:48:01.045 -05:00 [INF] [b99c3241-9b18-4c29-b607-753e8efdd323] Microsoft.EntityFrameworkCore.Database.Command Executed DbCommand (1ms) [Parameters=[@normalizedUserName='?'], CommandType='"Text"', CommandTimeout='30']
SELECT a."Id", a."AccessFailedCount", a."ConcurrencyStamp", a."CreatedAt", a."Email", a."EmailConfirmed", a."FirstName", a."LastName", a."LockoutEnabled", a."LockoutEnd", a."NormalizedEmail", a."NormalizedUserName", a."PasswordHash", a."PhoneNumber", a."PhoneNumberConfirmed", a."SecurityStamp", a."Timezone", a."TwoFactorEnabled", a."UserName"
FROM "AspNetUsers" AS a
WHERE a."NormalizedUserName" = @normalizedUserName
LIMIT 1
2026-06-04 03:48:01.046 -05:00 [INF] [b99c3241-9b18-4c29-b607-753e8efdd323] Microsoft.EntityFrameworkCore.Database.Command Executed DbCommand (1ms) [Parameters=[@normalizedEmail='?'], CommandType='"Text"', CommandTimeout='30']
SELECT a."Id", a."AccessFailedCount", a."ConcurrencyStamp", a."CreatedAt", a."Email", a."EmailConfirmed", a."FirstName", a."LastName", a."LockoutEnabled", a."LockoutEnd", a."NormalizedEmail", a."NormalizedUserName", a."PasswordHash", a."PhoneNumber", a."PhoneNumberConfirmed", a."SecurityStamp", a."Timezone", a."TwoFactorEnabled", a."UserName"
FROM "AspNetUsers" AS a
WHERE a."NormalizedEmail" = @normalizedEmail
LIMIT 2
2026-06-04 03:48:01.047 -05:00 [INF] [b99c3241-9b18-4c29-b607-753e8efdd323] Microsoft.EntityFrameworkCore.Database.Command Executed DbCommand (1ms) [Parameters=[@p0='?', @p1='?', @p20='?', @p2='?' (DbType = Int32), @p3='?', @p21='?', @p4='?' (DbType = DateTime), @p5='?', @p6='?' (DbType = Boolean), @p7='?', @p8='?', @p9='?' (DbType = Boolean), @p10='?' (DbType = DateTime), @p11='?', @p12='?', @p13='?', @p14='?', @p15='?' (DbType = Boolean), @p16='?', @p17='?', @p18='?' (DbType = Boolean), @p19='?'], CommandType='"Text"', CommandTimeout='30']
INSERT INTO "AspNetUserRoles" ("RoleId", "UserId")
VALUES (@p0, @p1);
UPDATE "AspNetUsers" SET "AccessFailedCount" = @p2, "ConcurrencyStamp" = @p3, "CreatedAt" = @p4, "Email" = @p5, "EmailConfirmed" = @p6, "FirstName" = @p7, "LastName" = @p8, "LockoutEnabled" = @p9, "LockoutEnd" = @p10, "NormalizedEmail" = @p11, "NormalizedUserName" = @p12, "PasswordHash" = @p13, "PhoneNumber" = @p14, "PhoneNumberConfirmed" = @p15, "SecurityStamp" = @p16, "Timezone" = @p17, "TwoFactorEnabled" = @p18, "UserName" = @p19
WHERE "Id" = @p20 AND "ConcurrencyStamp" = @p21;
2026-06-04 03:48:01.051 -05:00 [INF] [b99c3241-9b18-4c29-b607-753e8efdd323] MindedConnections.Api.Services.Users.UsersService Patient account created: 3abe474d-69f4-4e91-8ab5-f3e3e38ad5fc (pat@mail.com)
2026-06-04 03:48:01.051 -05:00 [INF] [b99c3241-9b18-4c29-b607-753e8efdd323] Serilog.AspNetCore.RequestLoggingMiddleware HTTP POST /users/patients responded 201 in 73.2ms
2026-06-04 03:48:01.106 -05:00 [INF] [f24be5fd-cafd-4794-9ccd-8878846e2db6] Microsoft.EntityFrameworkCore.Database.Command Executed DbCommand (1ms) [Parameters=[@query_Role='?'], CommandType='"Text"', CommandTimeout='30']
SELECT count(*)::int
FROM "AspNetUsers" AS a
LEFT JOIN "AspNetUserRoles" AS a0 ON a."Id" = a0."UserId"
LEFT JOIN "AspNetRoles" AS a1 ON a0."RoleId" = a1."Id"
WHERE a1."Name" = @query_Role
2026-06-04 03:48:01.107 -05:00 [INF] [f24be5fd-cafd-4794-9ccd-8878846e2db6] Microsoft.EntityFrameworkCore.Database.Command Executed DbCommand (1ms) [Parameters=[@query_Role='?', @p2='?' (DbType = Int32), @p='?' (DbType = Int32)], CommandType='"Text"', CommandTimeout='30']
SELECT a."Id", a."AccessFailedCount", a."ConcurrencyStamp", a."CreatedAt", a."Email", a."EmailConfirmed", a."FirstName", a."LastName", a."LockoutEnabled", a."LockoutEnd", a."NormalizedEmail", a."NormalizedUserName", a."PasswordHash", a."PhoneNumber", a."PhoneNumberConfirmed", a."SecurityStamp", a."Timezone", a."TwoFactorEnabled", a."UserName", a1."Name"
FROM "AspNetUsers" AS a
LEFT JOIN "AspNetUserRoles" AS a0 ON a."Id" = a0."UserId"
LEFT JOIN "AspNetRoles" AS a1 ON a0."RoleId" = a1."Id"
WHERE a1."Name" = @query_Role
ORDER BY a."CreatedAt"
LIMIT @p2 OFFSET @p
2026-06-04 03:48:01.107 -05:00 [INF] [f24be5fd-cafd-4794-9ccd-8878846e2db6] Serilog.AspNetCore.RequestLoggingMiddleware HTTP GET /users responded 200 in 4.4ms
2026-06-04 03:48:23.043 -05:00 [INF] [003f4930-f0bc-48c5-9fe6-f13755169346] Microsoft.EntityFrameworkCore.Database.Command Executed DbCommand (2ms) [Parameters=[@query_Role='?', @term_contains='?', @term_contains0='?'], CommandType='"Text"', CommandTimeout='30']
SELECT count(*)::int
FROM "AspNetUsers" AS a
LEFT JOIN "AspNetUserRoles" AS a0 ON a."Id" = a0."UserId"
LEFT JOIN "AspNetRoles" AS a1 ON a0."RoleId" = a1."Id"
WHERE a1."Name" = @query_Role AND ((a."Email" IS NOT NULL AND lower(a."Email") LIKE @term_contains) OR (a."FirstName" IS NOT NULL AND lower(a."FirstName") LIKE @term_contains0) OR (a."LastName" IS NOT NULL AND lower(a."LastName") LIKE @term_contains0))
2026-06-04 03:48:23.051 -05:00 [INF] [003f4930-f0bc-48c5-9fe6-f13755169346] Microsoft.EntityFrameworkCore.Database.Command Executed DbCommand (1ms) [Parameters=[@query_Role='?', @term_contains='?', @term_contains0='?', @p5='?' (DbType = Int32), @p='?' (DbType = Int32)], CommandType='"Text"', CommandTimeout='30']
SELECT a."Id", a."AccessFailedCount", a."ConcurrencyStamp", a."CreatedAt", a."Email", a."EmailConfirmed", a."FirstName", a."LastName", a."LockoutEnabled", a."LockoutEnd", a."NormalizedEmail", a."NormalizedUserName", a."PasswordHash", a."PhoneNumber", a."PhoneNumberConfirmed", a."SecurityStamp", a."Timezone", a."TwoFactorEnabled", a."UserName", a1."Name"
FROM "AspNetUsers" AS a
LEFT JOIN "AspNetUserRoles" AS a0 ON a."Id" = a0."UserId"
LEFT JOIN "AspNetRoles" AS a1 ON a0."RoleId" = a1."Id"
WHERE a1."Name" = @query_Role AND ((a."Email" IS NOT NULL AND lower(a."Email") LIKE @term_contains) OR (a."FirstName" IS NOT NULL AND lower(a."FirstName") LIKE @term_contains0) OR (a."LastName" IS NOT NULL AND lower(a."LastName") LIKE @term_contains0))
ORDER BY a."CreatedAt"
LIMIT @p5 OFFSET @p
2026-06-04 03:48:23.052 -05:00 [INF] [003f4930-f0bc-48c5-9fe6-f13755169346] Serilog.AspNetCore.RequestLoggingMiddleware HTTP GET /users responded 200 in 24.1ms
2026-06-04 03:48:30.039 -05:00 [INF] [f0d48c3c-ef51-4167-a5ca-11aca73bc319] Microsoft.EntityFrameworkCore.Database.Command Executed DbCommand (1ms) [Parameters=[], CommandType='"Text"', CommandTimeout='30']
SELECT count(*)::int
FROM "AspNetUsers" AS a
LEFT JOIN "AspNetUserRoles" AS a0 ON a."Id" = a0."UserId"
LEFT JOIN "AspNetRoles" AS a1 ON a0."RoleId" = a1."Id"
2026-06-04 03:48:30.045 -05:00 [INF] [f0d48c3c-ef51-4167-a5ca-11aca73bc319] Microsoft.EntityFrameworkCore.Database.Command Executed DbCommand (1ms) [Parameters=[@p1='?' (DbType = Int32), @p='?' (DbType = Int32)], CommandType='"Text"', CommandTimeout='30']
SELECT a."Id", a."AccessFailedCount", a."ConcurrencyStamp", a."CreatedAt", a."Email", a."EmailConfirmed", a."FirstName", a."LastName", a."LockoutEnabled", a."LockoutEnd", a."NormalizedEmail", a."NormalizedUserName", a."PasswordHash", a."PhoneNumber", a."PhoneNumberConfirmed", a."SecurityStamp", a."Timezone", a."TwoFactorEnabled", a."UserName", a1."Name"
FROM "AspNetUsers" AS a
LEFT JOIN "AspNetUserRoles" AS a0 ON a."Id" = a0."UserId"
LEFT JOIN "AspNetRoles" AS a1 ON a0."RoleId" = a1."Id"
ORDER BY a."CreatedAt"
LIMIT @p1 OFFSET @p
2026-06-04 03:48:30.045 -05:00 [INF] [f0d48c3c-ef51-4167-a5ca-11aca73bc319] Serilog.AspNetCore.RequestLoggingMiddleware HTTP GET /users responded 200 in 10.6ms
2026-06-04 03:49:29.810 -05:00 [INF] [3c6c938b-2d05-4e69-9787-fb6209ed79ce] Microsoft.EntityFrameworkCore.Database.Command Executed DbCommand (4ms) [Parameters=[@normalizedUserName='?'], CommandType='"Text"', CommandTimeout='30']
SELECT a."Id", a."AccessFailedCount", a."ConcurrencyStamp", a."CreatedAt", a."Email", a."EmailConfirmed", a."FirstName", a."LastName", a."LockoutEnabled", a."LockoutEnd", a."NormalizedEmail", a."NormalizedUserName", a."PasswordHash", a."PhoneNumber", a."PhoneNumberConfirmed", a."SecurityStamp", a."Timezone", a."TwoFactorEnabled", a."UserName"
FROM "AspNetUsers" AS a
WHERE a."NormalizedUserName" = @normalizedUserName
LIMIT 1
2026-06-04 03:49:29.811 -05:00 [INF] [3c6c938b-2d05-4e69-9787-fb6209ed79ce] Microsoft.EntityFrameworkCore.Database.Command Executed DbCommand (1ms) [Parameters=[@normalizedEmail='?'], CommandType='"Text"', CommandTimeout='30']
SELECT a."Id", a."AccessFailedCount", a."ConcurrencyStamp", a."CreatedAt", a."Email", a."EmailConfirmed", a."FirstName", a."LastName", a."LockoutEnabled", a."LockoutEnd", a."NormalizedEmail", a."NormalizedUserName", a."PasswordHash", a."PhoneNumber", a."PhoneNumberConfirmed", a."SecurityStamp", a."Timezone", a."TwoFactorEnabled", a."UserName"
FROM "AspNetUsers" AS a
WHERE a."NormalizedEmail" = @normalizedEmail
LIMIT 2
2026-06-04 03:49:29.812 -05:00 [WRN] [3c6c938b-2d05-4e69-9787-fb6209ed79ce] MindedConnections.Api.Services.Users.UsersService Failed to create provider rafamej12@gmail.com: Username 'rafamej12@gmail.com' is already taken.; Email 'rafamej12@gmail.com' is already taken.
2026-06-04 03:49:29.814 -05:00 [WRN] [3c6c938b-2d05-4e69-9787-fb6209ed79ce] Serilog.AspNetCore.RequestLoggingMiddleware HTTP POST /users/providers responded 400 in 65.8ms
2026-06-04 03:49:33.393 -05:00 [INF] [c636bd6c-d61d-480a-84b7-3cc0604f941c] Microsoft.EntityFrameworkCore.Database.Command Executed DbCommand (4ms) [Parameters=[], CommandType='"Text"', CommandTimeout='30']
SELECT a1."Name" AS "Role", count(*)::int AS "Count"
FROM "AspNetUsers" AS a
LEFT JOIN "AspNetUserRoles" AS a0 ON a."Id" = a0."UserId"
LEFT JOIN "AspNetRoles" AS a1 ON a0."RoleId" = a1."Id"
GROUP BY a1."Name"
2026-06-04 03:49:33.394 -05:00 [INF] [c636bd6c-d61d-480a-84b7-3cc0604f941c] Microsoft.EntityFrameworkCore.Database.Command Executed DbCommand (1ms) [Parameters=[], CommandType='"Text"', CommandTimeout='30']
SELECT count(*)::int
FROM "AspNetUsers" AS a
2026-06-04 03:49:33.394 -05:00 [INF] [c636bd6c-d61d-480a-84b7-3cc0604f941c] Serilog.AspNetCore.RequestLoggingMiddleware HTTP GET /users/stats responded 200 in 6.3ms
2026-06-04 03:49:36.633 -05:00 [INF] [c176e262-c02b-441e-9775-2849fb8cf37f] Microsoft.EntityFrameworkCore.Database.Command Executed DbCommand (2ms) [Parameters=[@refreshToken='?'], CommandType='"Text"', CommandTimeout='30']
SELECT r."Id", r.created_at, r.expires_at, r.revoked_at, r.token, r.user_id
FROM refresh_tokens AS r
WHERE r.token = @refreshToken
LIMIT 2
2026-06-04 03:49:36.647 -05:00 [INF] [c176e262-c02b-441e-9775-2849fb8cf37f] Microsoft.EntityFrameworkCore.Database.Command Executed DbCommand (13ms) [Parameters=[@p1='?' (DbType = Int32), @p0='?' (DbType = DateTime)], CommandType='"Text"', CommandTimeout='30']
UPDATE refresh_tokens SET revoked_at = @p0
WHERE "Id" = @p1;
2026-06-04 03:49:36.647 -05:00 [INF] [c176e262-c02b-441e-9775-2849fb8cf37f] MindedConnections.Api.Services.Auth.AuthService User a2693a4d-fa3f-4037-b8f7-356710972fa9 logged out
2026-06-04 03:49:36.648 -05:00 [INF] [c176e262-c02b-441e-9775-2849fb8cf37f] Serilog.AspNetCore.RequestLoggingMiddleware HTTP POST /auth/logout responded 204 in 24.4ms
2026-06-04 03:50:27.589 -05:00 [INF] [1d70e67a-ce61-437a-a7c3-4c2fa6a001d2] Microsoft.EntityFrameworkCore.Database.Command Executed DbCommand (1ms) [Parameters=[@normalizedEmail='?'], CommandType='"Text"', CommandTimeout='30']
SELECT a."Id", a."AccessFailedCount", a."ConcurrencyStamp", a."CreatedAt", a."Email", a."EmailConfirmed", a."FirstName", a."LastName", a."LockoutEnabled", a."LockoutEnd", a."NormalizedEmail", a."NormalizedUserName", a."PasswordHash", a."PhoneNumber", a."PhoneNumberConfirmed", a."SecurityStamp", a."Timezone", a."TwoFactorEnabled", a."UserName"
FROM "AspNetUsers" AS a
WHERE a."NormalizedEmail" = @normalizedEmail
LIMIT 2
2026-06-04 03:50:27.642 -05:00 [INF] [1d70e67a-ce61-437a-a7c3-4c2fa6a001d2] Microsoft.EntityFrameworkCore.Database.Command Executed DbCommand (1ms) [Parameters=[@userId='?'], CommandType='"Text"', CommandTimeout='30']
SELECT a0."Name"
FROM "AspNetUserRoles" AS a
INNER JOIN "AspNetRoles" AS a0 ON a."RoleId" = a0."Id"
WHERE a."UserId" = @userId
2026-06-04 03:50:27.660 -05:00 [INF] [1d70e67a-ce61-437a-a7c3-4c2fa6a001d2] Microsoft.EntityFrameworkCore.Database.Command Executed DbCommand (3ms) [Parameters=[@p='?' (DbType = DateTime), @user_Id='?'], CommandType='"Text"', CommandTimeout='30']
UPDATE refresh_tokens AS r
SET revoked_at = @p
WHERE r.user_id = @user_Id AND r.revoked_at IS NULL
2026-06-04 03:50:27.668 -05:00 [INF] [1d70e67a-ce61-437a-a7c3-4c2fa6a001d2] Microsoft.EntityFrameworkCore.Database.Command Executed DbCommand (6ms) [Parameters=[@p0='?' (DbType = DateTime), @p1='?' (DbType = DateTime), @p2='?' (DbType = DateTime), @p3='?', @p4='?'], CommandType='"Text"', CommandTimeout='30']
INSERT INTO refresh_tokens (created_at, expires_at, revoked_at, token, user_id)
VALUES (@p0, @p1, @p2, @p3, @p4)
RETURNING "Id";
2026-06-04 03:50:27.668 -05:00 [INF] [1d70e67a-ce61-437a-a7c3-4c2fa6a001d2] MindedConnections.Api.Services.Auth.AuthService User 3abe474d-69f4-4e91-8ab5-f3e3e38ad5fc (pat@mail.com) logged in with role(s) Patient
2026-06-04 03:50:27.670 -05:00 [INF] [1d70e67a-ce61-437a-a7c3-4c2fa6a001d2] Serilog.AspNetCore.RequestLoggingMiddleware HTTP POST /auth/login responded 200 in 89.2ms
2026-06-04 03:50:52.717 -05:00 [INF] [90ff65a6-8292-4829-a961-7d45751c6689] Microsoft.EntityFrameworkCore.Database.Command Executed DbCommand (1ms) [Parameters=[@normalizedEmail='?'], CommandType='"Text"', CommandTimeout='30']
SELECT a."Id", a."AccessFailedCount", a."ConcurrencyStamp", a."CreatedAt", a."Email", a."EmailConfirmed", a."FirstName", a."LastName", a."LockoutEnabled", a."LockoutEnd", a."NormalizedEmail", a."NormalizedUserName", a."PasswordHash", a."PhoneNumber", a."PhoneNumberConfirmed", a."SecurityStamp", a."Timezone", a."TwoFactorEnabled", a."UserName"
FROM "AspNetUsers" AS a
WHERE a."NormalizedEmail" = @normalizedEmail
LIMIT 2
2026-06-04 03:50:52.769 -05:00 [INF] [90ff65a6-8292-4829-a961-7d45751c6689] Microsoft.EntityFrameworkCore.Database.Command Executed DbCommand (1ms) [Parameters=[@userId='?'], CommandType='"Text"', CommandTimeout='30']
SELECT a0."Name"
FROM "AspNetUserRoles" AS a
INNER JOIN "AspNetRoles" AS a0 ON a."RoleId" = a0."Id"
WHERE a."UserId" = @userId
2026-06-04 03:50:52.771 -05:00 [INF] [90ff65a6-8292-4829-a961-7d45751c6689] Microsoft.EntityFrameworkCore.Database.Command Executed DbCommand (1ms) [Parameters=[@p='?' (DbType = DateTime), @user_Id='?'], CommandType='"Text"', CommandTimeout='30']
UPDATE refresh_tokens AS r
SET revoked_at = @p
WHERE r.user_id = @user_Id AND r.revoked_at IS NULL
2026-06-04 03:50:52.786 -05:00 [INF] [90ff65a6-8292-4829-a961-7d45751c6689] Microsoft.EntityFrameworkCore.Database.Command Executed DbCommand (15ms) [Parameters=[@p0='?' (DbType = DateTime), @p1='?' (DbType = DateTime), @p2='?' (DbType = DateTime), @p3='?', @p4='?'], CommandType='"Text"', CommandTimeout='30']
INSERT INTO refresh_tokens (created_at, expires_at, revoked_at, token, user_id)
VALUES (@p0, @p1, @p2, @p3, @p4)
RETURNING "Id";
2026-06-04 03:50:52.786 -05:00 [INF] [90ff65a6-8292-4829-a961-7d45751c6689] MindedConnections.Api.Services.Auth.AuthService User 3db28be2-44cb-43fd-865c-ee1bcca66e1f (prov@mail.com) logged in with role(s) Provider
2026-06-04 03:50:52.787 -05:00 [INF] [90ff65a6-8292-4829-a961-7d45751c6689] Serilog.AspNetCore.RequestLoggingMiddleware HTTP POST /auth/login responded 200 in 71.5ms
2026-06-04 03:51:10.089 -05:00 [INF] [42a574a5-7b7d-4f99-a54d-062fc12fd2c7] Microsoft.EntityFrameworkCore.Database.Command Executed DbCommand (1ms) [Parameters=[@incomingToken='?'], CommandType='"Text"', CommandTimeout='30']
SELECT r."Id", r.created_at, r.expires_at, r.revoked_at, r.token, r.user_id, a."Id", a."AccessFailedCount", a."ConcurrencyStamp", a."CreatedAt", a."Email", a."EmailConfirmed", a."FirstName", a."LastName", a."LockoutEnabled", a."LockoutEnd", a."NormalizedEmail", a."NormalizedUserName", a."PasswordHash", a."PhoneNumber", a."PhoneNumberConfirmed", a."SecurityStamp", a."Timezone", a."TwoFactorEnabled", a."UserName"
FROM refresh_tokens AS r
INNER JOIN "AspNetUsers" AS a ON r.user_id = a."Id"
WHERE r.token = @incomingToken
LIMIT 2
2026-06-04 03:51:10.091 -05:00 [INF] [42a574a5-7b7d-4f99-a54d-062fc12fd2c7] Microsoft.EntityFrameworkCore.Database.Command Executed DbCommand (1ms) [Parameters=[@p1='?' (DbType = Int32), @p0='?' (DbType = DateTime), @p2='?' (DbType = DateTime), @p3='?' (DbType = DateTime), @p4='?' (DbType = DateTime), @p5='?', @p6='?'], CommandType='"Text"', CommandTimeout='30']
UPDATE refresh_tokens SET revoked_at = @p0
WHERE "Id" = @p1;
INSERT INTO refresh_tokens (created_at, expires_at, revoked_at, token, user_id)
VALUES (@p2, @p3, @p4, @p5, @p6)
RETURNING "Id";
2026-06-04 03:51:10.096 -05:00 [INF] [42a574a5-7b7d-4f99-a54d-062fc12fd2c7] Microsoft.EntityFrameworkCore.Database.Command Executed DbCommand (1ms) [Parameters=[@userId='?'], CommandType='"Text"', CommandTimeout='30']
SELECT a0."Name"
FROM "AspNetUserRoles" AS a
INNER JOIN "AspNetRoles" AS a0 ON a."RoleId" = a0."Id"
WHERE a."UserId" = @userId
2026-06-04 03:51:10.096 -05:00 [DBG] [42a574a5-7b7d-4f99-a54d-062fc12fd2c7] MindedConnections.Api.Services.Auth.AuthService Refresh token rotated for user 3db28be2-44cb-43fd-865c-ee1bcca66e1f
2026-06-04 03:51:10.096 -05:00 [INF] [42a574a5-7b7d-4f99-a54d-062fc12fd2c7] Serilog.AspNetCore.RequestLoggingMiddleware HTTP POST /auth/refresh responded 200 in 9.9ms
2026-06-04 03:51:10.190 -05:00 [INF] [a0d3729e-69dd-4960-bf77-68b028a036cc] Microsoft.EntityFrameworkCore.Database.Command Executed DbCommand (1ms) [Parameters=[@p='?'], CommandType='"Text"', CommandTimeout='30']
SELECT a."Id", a."AccessFailedCount", a."ConcurrencyStamp", a."CreatedAt", a."Email", a."EmailConfirmed", a."FirstName", a."LastName", a."LockoutEnabled", a."LockoutEnd", a."NormalizedEmail", a."NormalizedUserName", a."PasswordHash", a."PhoneNumber", a."PhoneNumberConfirmed", a."SecurityStamp", a."Timezone", a."TwoFactorEnabled", a."UserName"
FROM "AspNetUsers" AS a
WHERE a."Id" = @p
LIMIT 1
2026-06-04 03:51:10.191 -05:00 [INF] [a0d3729e-69dd-4960-bf77-68b028a036cc] Microsoft.EntityFrameworkCore.Database.Command Executed DbCommand (1ms) [Parameters=[@userId='?'], CommandType='"Text"', CommandTimeout='30']
SELECT a0."Name"
FROM "AspNetUserRoles" AS a
INNER JOIN "AspNetRoles" AS a0 ON a."RoleId" = a0."Id"
WHERE a."UserId" = @userId
2026-06-04 03:51:10.192 -05:00 [INF] [a0d3729e-69dd-4960-bf77-68b028a036cc] Serilog.AspNetCore.RequestLoggingMiddleware HTTP GET /auth/me responded 200 in 4.8ms
2026-06-04 03:51:13.186 -05:00 [INF] [e81928f5-5f41-481d-a778-652e136a53d8] Microsoft.EntityFrameworkCore.Database.Command Executed DbCommand (1ms) [Parameters=[@incomingToken='?'], CommandType='"Text"', CommandTimeout='30']
SELECT r."Id", r.created_at, r.expires_at, r.revoked_at, r.token, r.user_id, a."Id", a."AccessFailedCount", a."ConcurrencyStamp", a."CreatedAt", a."Email", a."EmailConfirmed", a."FirstName", a."LastName", a."LockoutEnabled", a."LockoutEnd", a."NormalizedEmail", a."NormalizedUserName", a."PasswordHash", a."PhoneNumber", a."PhoneNumberConfirmed", a."SecurityStamp", a."Timezone", a."TwoFactorEnabled", a."UserName"
FROM refresh_tokens AS r
INNER JOIN "AspNetUsers" AS a ON r.user_id = a."Id"
WHERE r.token = @incomingToken
LIMIT 2
2026-06-04 03:51:13.187 -05:00 [INF] [e81928f5-5f41-481d-a778-652e136a53d8] Microsoft.EntityFrameworkCore.Database.Command Executed DbCommand (1ms) [Parameters=[@p1='?' (DbType = Int32), @p0='?' (DbType = DateTime), @p2='?' (DbType = DateTime), @p3='?' (DbType = DateTime), @p4='?' (DbType = DateTime), @p5='?', @p6='?'], CommandType='"Text"', CommandTimeout='30']
UPDATE refresh_tokens SET revoked_at = @p0
WHERE "Id" = @p1;
INSERT INTO refresh_tokens (created_at, expires_at, revoked_at, token, user_id)
VALUES (@p2, @p3, @p4, @p5, @p6)
RETURNING "Id";
2026-06-04 03:51:13.201 -05:00 [INF] [e81928f5-5f41-481d-a778-652e136a53d8] Microsoft.EntityFrameworkCore.Database.Command Executed DbCommand (1ms) [Parameters=[@userId='?'], CommandType='"Text"', CommandTimeout='30']
SELECT a0."Name"
FROM "AspNetUserRoles" AS a
INNER JOIN "AspNetRoles" AS a0 ON a."RoleId" = a0."Id"
WHERE a."UserId" = @userId
2026-06-04 03:51:13.202 -05:00 [DBG] [e81928f5-5f41-481d-a778-652e136a53d8] MindedConnections.Api.Services.Auth.AuthService Refresh token rotated for user 3db28be2-44cb-43fd-865c-ee1bcca66e1f
2026-06-04 03:51:13.202 -05:00 [INF] [e81928f5-5f41-481d-a778-652e136a53d8] Serilog.AspNetCore.RequestLoggingMiddleware HTTP POST /auth/refresh responded 200 in 19.0ms
2026-06-04 03:51:13.231 -05:00 [INF] [0148c4f8-135d-4a5f-bd38-ab15eedfdbeb] Microsoft.EntityFrameworkCore.Database.Command Executed DbCommand (1ms) [Parameters=[@p='?'], CommandType='"Text"', CommandTimeout='30']
SELECT a."Id", a."AccessFailedCount", a."ConcurrencyStamp", a."CreatedAt", a."Email", a."EmailConfirmed", a."FirstName", a."LastName", a."LockoutEnabled", a."LockoutEnd", a."NormalizedEmail", a."NormalizedUserName", a."PasswordHash", a."PhoneNumber", a."PhoneNumberConfirmed", a."SecurityStamp", a."Timezone", a."TwoFactorEnabled", a."UserName"
FROM "AspNetUsers" AS a
WHERE a."Id" = @p
LIMIT 1
2026-06-04 03:51:13.233 -05:00 [INF] [0148c4f8-135d-4a5f-bd38-ab15eedfdbeb] Microsoft.EntityFrameworkCore.Database.Command Executed DbCommand (1ms) [Parameters=[@userId='?'], CommandType='"Text"', CommandTimeout='30']
SELECT a0."Name"
FROM "AspNetUserRoles" AS a
INNER JOIN "AspNetRoles" AS a0 ON a."RoleId" = a0."Id"
WHERE a."UserId" = @userId
2026-06-04 03:51:13.233 -05:00 [INF] [0148c4f8-135d-4a5f-bd38-ab15eedfdbeb] Serilog.AspNetCore.RequestLoggingMiddleware HTTP GET /auth/me responded 200 in 4.5ms
2026-06-04 03:54:10.664 -05:00 [INF] [00b23053-cc2d-45b4-a64a-77f653b97b9a] Microsoft.EntityFrameworkCore.Database.Command Executed DbCommand (2ms) [Parameters=[@incomingToken='?'], CommandType='"Text"', CommandTimeout='30']
SELECT r."Id", r.created_at, r.expires_at, r.revoked_at, r.token, r.user_id, a."Id", a."AccessFailedCount", a."ConcurrencyStamp", a."CreatedAt", a."Email", a."EmailConfirmed", a."FirstName", a."LastName", a."LockoutEnabled", a."LockoutEnd", a."NormalizedEmail", a."NormalizedUserName", a."PasswordHash", a."PhoneNumber", a."PhoneNumberConfirmed", a."SecurityStamp", a."Timezone", a."TwoFactorEnabled", a."UserName"
FROM refresh_tokens AS r
INNER JOIN "AspNetUsers" AS a ON r.user_id = a."Id"
WHERE r.token = @incomingToken
LIMIT 2
2026-06-04 03:54:10.668 -05:00 [INF] [00b23053-cc2d-45b4-a64a-77f653b97b9a] Microsoft.EntityFrameworkCore.Database.Command Executed DbCommand (1ms) [Parameters=[@p1='?' (DbType = Int32), @p0='?' (DbType = DateTime), @p2='?' (DbType = DateTime), @p3='?' (DbType = DateTime), @p4='?' (DbType = DateTime), @p5='?', @p6='?'], CommandType='"Text"', CommandTimeout='30']
UPDATE refresh_tokens SET revoked_at = @p0
WHERE "Id" = @p1;
INSERT INTO refresh_tokens (created_at, expires_at, revoked_at, token, user_id)
VALUES (@p2, @p3, @p4, @p5, @p6)
RETURNING "Id";
2026-06-04 03:54:10.672 -05:00 [INF] [00b23053-cc2d-45b4-a64a-77f653b97b9a] Microsoft.EntityFrameworkCore.Database.Command Executed DbCommand (1ms) [Parameters=[@userId='?'], CommandType='"Text"', CommandTimeout='30']
SELECT a0."Name"
FROM "AspNetUserRoles" AS a
INNER JOIN "AspNetRoles" AS a0 ON a."RoleId" = a0."Id"
WHERE a."UserId" = @userId
2026-06-04 03:54:10.673 -05:00 [DBG] [00b23053-cc2d-45b4-a64a-77f653b97b9a] MindedConnections.Api.Services.Auth.AuthService Refresh token rotated for user 3db28be2-44cb-43fd-865c-ee1bcca66e1f
2026-06-04 03:54:10.673 -05:00 [INF] [00b23053-cc2d-45b4-a64a-77f653b97b9a] Serilog.AspNetCore.RequestLoggingMiddleware HTTP POST /auth/refresh responded 200 in 12.4ms
2026-06-04 03:54:10.770 -05:00 [INF] [c1482a43-85e3-4c09-8eb8-7a7f71d21a98] Microsoft.EntityFrameworkCore.Database.Command Executed DbCommand (1ms) [Parameters=[@p='?'], CommandType='"Text"', CommandTimeout='30']
SELECT a."Id", a."AccessFailedCount", a."ConcurrencyStamp", a."CreatedAt", a."Email", a."EmailConfirmed", a."FirstName", a."LastName", a."LockoutEnabled", a."LockoutEnd", a."NormalizedEmail", a."NormalizedUserName", a."PasswordHash", a."PhoneNumber", a."PhoneNumberConfirmed", a."SecurityStamp", a."Timezone", a."TwoFactorEnabled", a."UserName"
FROM "AspNetUsers" AS a
WHERE a."Id" = @p
LIMIT 1
2026-06-04 03:54:10.771 -05:00 [INF] [c1482a43-85e3-4c09-8eb8-7a7f71d21a98] Microsoft.EntityFrameworkCore.Database.Command Executed DbCommand (1ms) [Parameters=[@userId='?'], CommandType='"Text"', CommandTimeout='30']
SELECT a0."Name"
FROM "AspNetUserRoles" AS a
INNER JOIN "AspNetRoles" AS a0 ON a."RoleId" = a0."Id"
WHERE a."UserId" = @userId
2026-06-04 03:54:10.772 -05:00 [INF] [c1482a43-85e3-4c09-8eb8-7a7f71d21a98] Serilog.AspNetCore.RequestLoggingMiddleware HTTP GET /auth/me responded 200 in 3.5ms
2026-06-04 03:56:04.314 -05:00 [INF] [877c92c4-e137-4c5e-83d0-7ff7171cdfd8] Microsoft.EntityFrameworkCore.Database.Command Executed DbCommand (5ms) [Parameters=[@normalizedEmail='?'], CommandType='"Text"', CommandTimeout='30']
SELECT a."Id", a."AccessFailedCount", a."ConcurrencyStamp", a."CreatedAt", a."Email", a."EmailConfirmed", a."FirstName", a."LastName", a."LockoutEnabled", a."LockoutEnd", a."NormalizedEmail", a."NormalizedUserName", a."PasswordHash", a."PhoneNumber", a."PhoneNumberConfirmed", a."SecurityStamp", a."Timezone", a."TwoFactorEnabled", a."UserName"
FROM "AspNetUsers" AS a
WHERE a."NormalizedEmail" = @normalizedEmail
LIMIT 2
2026-06-04 03:56:04.314 -05:00 [WRN] [877c92c4-e137-4c5e-83d0-7ff7171cdfd8] MindedConnections.Api.Services.Auth.AuthService Failed login attempt for 
2026-06-04 03:56:04.315 -05:00 [WRN] [877c92c4-e137-4c5e-83d0-7ff7171cdfd8] Serilog.AspNetCore.RequestLoggingMiddleware HTTP POST /auth/login responded 401 in 14.9ms
2026-06-04 03:56:04.347 -05:00 [INF] [3eb7d2a0-8816-4830-ab5b-b31b54a6c22c] Microsoft.EntityFrameworkCore.Database.Command Executed DbCommand (3ms) [Parameters=[@incomingToken='?'], CommandType='"Text"', CommandTimeout='30']
SELECT r."Id", r.created_at, r.expires_at, r.revoked_at, r.token, r.user_id, a."Id", a."AccessFailedCount", a."ConcurrencyStamp", a."CreatedAt", a."Email", a."EmailConfirmed", a."FirstName", a."LastName", a."LockoutEnabled", a."LockoutEnd", a."NormalizedEmail", a."NormalizedUserName", a."PasswordHash", a."PhoneNumber", a."PhoneNumberConfirmed", a."SecurityStamp", a."Timezone", a."TwoFactorEnabled", a."UserName"
FROM refresh_tokens AS r
INNER JOIN "AspNetUsers" AS a ON r.user_id = a."Id"
WHERE r.token = @incomingToken
LIMIT 2
2026-06-04 03:56:04.350 -05:00 [INF] [3eb7d2a0-8816-4830-ab5b-b31b54a6c22c] Microsoft.EntityFrameworkCore.Database.Command Executed DbCommand (2ms) [Parameters=[@p1='?' (DbType = Int32), @p0='?' (DbType = DateTime), @p2='?' (DbType = DateTime), @p3='?' (DbType = DateTime), @p4='?' (DbType = DateTime), @p5='?', @p6='?'], CommandType='"Text"', CommandTimeout='30']
UPDATE refresh_tokens SET revoked_at = @p0
WHERE "Id" = @p1;
INSERT INTO refresh_tokens (created_at, expires_at, revoked_at, token, user_id)
VALUES (@p2, @p3, @p4, @p5, @p6)
RETURNING "Id";
2026-06-04 03:56:04.354 -05:00 [INF] [3eb7d2a0-8816-4830-ab5b-b31b54a6c22c] Microsoft.EntityFrameworkCore.Database.Command Executed DbCommand (2ms) [Parameters=[@userId='?'], CommandType='"Text"', CommandTimeout='30']
SELECT a0."Name"
FROM "AspNetUserRoles" AS a
INNER JOIN "AspNetRoles" AS a0 ON a."RoleId" = a0."Id"
WHERE a."UserId" = @userId
2026-06-04 03:56:04.355 -05:00 [DBG] [3eb7d2a0-8816-4830-ab5b-b31b54a6c22c] MindedConnections.Api.Services.Auth.AuthService Refresh token rotated for user 3db28be2-44cb-43fd-865c-ee1bcca66e1f
2026-06-04 03:56:04.355 -05:00 [INF] [3eb7d2a0-8816-4830-ab5b-b31b54a6c22c] Serilog.AspNetCore.RequestLoggingMiddleware HTTP POST /auth/refresh responded 200 in 11.2ms
2026-06-04 03:56:04.368 -05:00 [INF] [30a1aedc-b845-4862-a105-9d4d4649d099] Microsoft.EntityFrameworkCore.Database.Command Executed DbCommand (1ms) [Parameters=[@normalizedEmail='?'], CommandType='"Text"', CommandTimeout='30']
SELECT a."Id", a."AccessFailedCount", a."ConcurrencyStamp", a."CreatedAt", a."Email", a."EmailConfirmed", a."FirstName", a."LastName", a."LockoutEnabled", a."LockoutEnd", a."NormalizedEmail", a."NormalizedUserName", a."PasswordHash", a."PhoneNumber", a."PhoneNumberConfirmed", a."SecurityStamp", a."Timezone", a."TwoFactorEnabled", a."UserName"
FROM "AspNetUsers" AS a
WHERE a."NormalizedEmail" = @normalizedEmail
LIMIT 2
2026-06-04 03:56:04.368 -05:00 [WRN] [30a1aedc-b845-4862-a105-9d4d4649d099] MindedConnections.Api.Services.Auth.AuthService Failed login attempt for 
2026-06-04 03:56:04.368 -05:00 [WRN] [30a1aedc-b845-4862-a105-9d4d4649d099] Serilog.AspNetCore.RequestLoggingMiddleware HTTP POST /auth/login responded 401 in 2.9ms
2026-06-04 03:56:33.665 -05:00 [INF] [b4d769cc-c385-4174-87c4-0425e937f077] Microsoft.EntityFrameworkCore.Database.Command Executed DbCommand (1ms) [Parameters=[@normalizedEmail='?'], CommandType='"Text"', CommandTimeout='30']
SELECT a."Id", a."AccessFailedCount", a."ConcurrencyStamp", a."CreatedAt", a."Email", a."EmailConfirmed", a."FirstName", a."LastName", a."LockoutEnabled", a."LockoutEnd", a."NormalizedEmail", a."NormalizedUserName", a."PasswordHash", a."PhoneNumber", a."PhoneNumberConfirmed", a."SecurityStamp", a."Timezone", a."TwoFactorEnabled", a."UserName"
FROM "AspNetUsers" AS a
WHERE a."NormalizedEmail" = @normalizedEmail
LIMIT 2
2026-06-04 03:56:33.665 -05:00 [WRN] [b4d769cc-c385-4174-87c4-0425e937f077] MindedConnections.Api.Services.Auth.AuthService Failed login attempt for 
2026-06-04 03:56:33.665 -05:00 [WRN] [b4d769cc-c385-4174-87c4-0425e937f077] Serilog.AspNetCore.RequestLoggingMiddleware HTTP POST /auth/login responded 401 in 2.4ms
2026-06-04 03:56:33.674 -05:00 [INF] [7aa7a3a2-b9d1-46ab-9b15-a7eab4df7c98] Microsoft.EntityFrameworkCore.Database.Command Executed DbCommand (1ms) [Parameters=[@incomingToken='?'], CommandType='"Text"', CommandTimeout='30']
SELECT r."Id", r.created_at, r.expires_at, r.revoked_at, r.token, r.user_id, a."Id", a."AccessFailedCount", a."ConcurrencyStamp", a."CreatedAt", a."Email", a."EmailConfirmed", a."FirstName", a."LastName", a."LockoutEnabled", a."LockoutEnd", a."NormalizedEmail", a."NormalizedUserName", a."PasswordHash", a."PhoneNumber", a."PhoneNumberConfirmed", a."SecurityStamp", a."Timezone", a."TwoFactorEnabled", a."UserName"
FROM refresh_tokens AS r
INNER JOIN "AspNetUsers" AS a ON r.user_id = a."Id"
WHERE r.token = @incomingToken
LIMIT 2
2026-06-04 03:56:33.676 -05:00 [INF] [7aa7a3a2-b9d1-46ab-9b15-a7eab4df7c98] Microsoft.EntityFrameworkCore.Database.Command Executed DbCommand (1ms) [Parameters=[@p1='?' (DbType = Int32), @p0='?' (DbType = DateTime), @p2='?' (DbType = DateTime), @p3='?' (DbType = DateTime), @p4='?' (DbType = DateTime), @p5='?', @p6='?'], CommandType='"Text"', CommandTimeout='30']
UPDATE refresh_tokens SET revoked_at = @p0
WHERE "Id" = @p1;
INSERT INTO refresh_tokens (created_at, expires_at, revoked_at, token, user_id)
VALUES (@p2, @p3, @p4, @p5, @p6)
RETURNING "Id";
2026-06-04 03:56:33.680 -05:00 [INF] [7aa7a3a2-b9d1-46ab-9b15-a7eab4df7c98] Microsoft.EntityFrameworkCore.Database.Command Executed DbCommand (1ms) [Parameters=[@userId='?'], CommandType='"Text"', CommandTimeout='30']
SELECT a0."Name"
FROM "AspNetUserRoles" AS a
INNER JOIN "AspNetRoles" AS a0 ON a."RoleId" = a0."Id"
WHERE a."UserId" = @userId
2026-06-04 03:56:33.681 -05:00 [DBG] [7aa7a3a2-b9d1-46ab-9b15-a7eab4df7c98] MindedConnections.Api.Services.Auth.AuthService Refresh token rotated for user 3db28be2-44cb-43fd-865c-ee1bcca66e1f
2026-06-04 03:56:33.681 -05:00 [INF] [7aa7a3a2-b9d1-46ab-9b15-a7eab4df7c98] Serilog.AspNetCore.RequestLoggingMiddleware HTTP POST /auth/refresh responded 200 in 8.5ms
2026-06-04 03:56:33.692 -05:00 [INF] [de73d6c9-d982-4ed7-81de-d395fbe7649c] Microsoft.EntityFrameworkCore.Database.Command Executed DbCommand (1ms) [Parameters=[@normalizedEmail='?'], CommandType='"Text"', CommandTimeout='30']
SELECT a."Id", a."AccessFailedCount", a."ConcurrencyStamp", a."CreatedAt", a."Email", a."EmailConfirmed", a."FirstName", a."LastName", a."LockoutEnabled", a."LockoutEnd", a."NormalizedEmail", a."NormalizedUserName", a."PasswordHash", a."PhoneNumber", a."PhoneNumberConfirmed", a."SecurityStamp", a."Timezone", a."TwoFactorEnabled", a."UserName"
FROM "AspNetUsers" AS a
WHERE a."NormalizedEmail" = @normalizedEmail
LIMIT 2
2026-06-04 03:56:33.693 -05:00 [WRN] [de73d6c9-d982-4ed7-81de-d395fbe7649c] MindedConnections.Api.Services.Auth.AuthService Failed login attempt for 
2026-06-04 03:56:33.693 -05:00 [WRN] [de73d6c9-d982-4ed7-81de-d395fbe7649c] Serilog.AspNetCore.RequestLoggingMiddleware HTTP POST /auth/login responded 401 in 2.1ms
2026-06-04 03:56:40.667 -05:00 [INF] [a3df1e2f-279d-4d97-8d24-75ca03bfb7ad] Microsoft.EntityFrameworkCore.Database.Command Executed DbCommand (1ms) [Parameters=[@normalizedEmail='?'], CommandType='"Text"', CommandTimeout='30']
SELECT a."Id", a."AccessFailedCount", a."ConcurrencyStamp", a."CreatedAt", a."Email", a."EmailConfirmed", a."FirstName", a."LastName", a."LockoutEnabled", a."LockoutEnd", a."NormalizedEmail", a."NormalizedUserName", a."PasswordHash", a."PhoneNumber", a."PhoneNumberConfirmed", a."SecurityStamp", a."Timezone", a."TwoFactorEnabled", a."UserName"
FROM "AspNetUsers" AS a
WHERE a."NormalizedEmail" = @normalizedEmail
LIMIT 2
2026-06-04 03:56:40.667 -05:00 [WRN] [a3df1e2f-279d-4d97-8d24-75ca03bfb7ad] MindedConnections.Api.Services.Auth.AuthService Failed login attempt for 
2026-06-04 03:56:40.668 -05:00 [WRN] [a3df1e2f-279d-4d97-8d24-75ca03bfb7ad] Serilog.AspNetCore.RequestLoggingMiddleware HTTP POST /auth/login responded 401 in 2.5ms
2026-06-04 03:56:40.677 -05:00 [INF] [0de2a9e6-8897-4db7-b7be-e91359099f16] Microsoft.EntityFrameworkCore.Database.Command Executed DbCommand (1ms) [Parameters=[@incomingToken='?'], CommandType='"Text"', CommandTimeout='30']
SELECT r."Id", r.created_at, r.expires_at, r.revoked_at, r.token, r.user_id, a."Id", a."AccessFailedCount", a."ConcurrencyStamp", a."CreatedAt", a."Email", a."EmailConfirmed", a."FirstName", a."LastName", a."LockoutEnabled", a."LockoutEnd", a."NormalizedEmail", a."NormalizedUserName", a."PasswordHash", a."PhoneNumber", a."PhoneNumberConfirmed", a."SecurityStamp", a."Timezone", a."TwoFactorEnabled", a."UserName"
FROM refresh_tokens AS r
INNER JOIN "AspNetUsers" AS a ON r.user_id = a."Id"
WHERE r.token = @incomingToken
LIMIT 2
2026-06-04 03:56:40.679 -05:00 [INF] [0de2a9e6-8897-4db7-b7be-e91359099f16] Microsoft.EntityFrameworkCore.Database.Command Executed DbCommand (1ms) [Parameters=[@p1='?' (DbType = Int32), @p0='?' (DbType = DateTime), @p2='?' (DbType = DateTime), @p3='?' (DbType = DateTime), @p4='?' (DbType = DateTime), @p5='?', @p6='?'], CommandType='"Text"', CommandTimeout='30']
UPDATE refresh_tokens SET revoked_at = @p0
WHERE "Id" = @p1;
INSERT INTO refresh_tokens (created_at, expires_at, revoked_at, token, user_id)
VALUES (@p2, @p3, @p4, @p5, @p6)
RETURNING "Id";
2026-06-04 03:56:40.692 -05:00 [INF] [0de2a9e6-8897-4db7-b7be-e91359099f16] Microsoft.EntityFrameworkCore.Database.Command Executed DbCommand (1ms) [Parameters=[@userId='?'], CommandType='"Text"', CommandTimeout='30']
SELECT a0."Name"
FROM "AspNetUserRoles" AS a
INNER JOIN "AspNetRoles" AS a0 ON a."RoleId" = a0."Id"
WHERE a."UserId" = @userId
2026-06-04 03:56:40.692 -05:00 [DBG] [0de2a9e6-8897-4db7-b7be-e91359099f16] MindedConnections.Api.Services.Auth.AuthService Refresh token rotated for user 3db28be2-44cb-43fd-865c-ee1bcca66e1f
2026-06-04 03:56:40.693 -05:00 [INF] [0de2a9e6-8897-4db7-b7be-e91359099f16] Serilog.AspNetCore.RequestLoggingMiddleware HTTP POST /auth/refresh responded 200 in 17.8ms
2026-06-04 03:56:40.705 -05:00 [INF] [10ed5fd7-3466-4c83-8733-db42d28b7279] Microsoft.EntityFrameworkCore.Database.Command Executed DbCommand (1ms) [Parameters=[@normalizedEmail='?'], CommandType='"Text"', CommandTimeout='30']
SELECT a."Id", a."AccessFailedCount", a."ConcurrencyStamp", a."CreatedAt", a."Email", a."EmailConfirmed", a."FirstName", a."LastName", a."LockoutEnabled", a."LockoutEnd", a."NormalizedEmail", a."NormalizedUserName", a."PasswordHash", a."PhoneNumber", a."PhoneNumberConfirmed", a."SecurityStamp", a."Timezone", a."TwoFactorEnabled", a."UserName"
FROM "AspNetUsers" AS a
WHERE a."NormalizedEmail" = @normalizedEmail
LIMIT 2
2026-06-04 03:56:40.705 -05:00 [WRN] [10ed5fd7-3466-4c83-8733-db42d28b7279] MindedConnections.Api.Services.Auth.AuthService Failed login attempt for 
2026-06-04 03:56:40.705 -05:00 [WRN] [10ed5fd7-3466-4c83-8733-db42d28b7279] Serilog.AspNetCore.RequestLoggingMiddleware HTTP POST /auth/login responded 401 in 2.0ms
2026-06-04 03:56:41.344 -05:00 [INF] [417e087b-132f-4476-a8fc-9df5cfa26039] Microsoft.EntityFrameworkCore.Database.Command Executed DbCommand (1ms) [Parameters=[@normalizedEmail='?'], CommandType='"Text"', CommandTimeout='30']
SELECT a."Id", a."AccessFailedCount", a."ConcurrencyStamp", a."CreatedAt", a."Email", a."EmailConfirmed", a."FirstName", a."LastName", a."LockoutEnabled", a."LockoutEnd", a."NormalizedEmail", a."NormalizedUserName", a."PasswordHash", a."PhoneNumber", a."PhoneNumberConfirmed", a."SecurityStamp", a."Timezone", a."TwoFactorEnabled", a."UserName"
FROM "AspNetUsers" AS a
WHERE a."NormalizedEmail" = @normalizedEmail
LIMIT 2
2026-06-04 03:56:41.345 -05:00 [WRN] [417e087b-132f-4476-a8fc-9df5cfa26039] MindedConnections.Api.Services.Auth.AuthService Failed login attempt for 
2026-06-04 03:56:41.345 -05:00 [WRN] [417e087b-132f-4476-a8fc-9df5cfa26039] Serilog.AspNetCore.RequestLoggingMiddleware HTTP POST /auth/login responded 401 in 2.5ms
2026-06-04 03:56:41.355 -05:00 [INF] [278c64f1-9b62-4412-8e40-66eb42446543] Microsoft.EntityFrameworkCore.Database.Command Executed DbCommand (1ms) [Parameters=[@incomingToken='?'], CommandType='"Text"', CommandTimeout='30']
SELECT r."Id", r.created_at, r.expires_at, r.revoked_at, r.token, r.user_id, a."Id", a."AccessFailedCount", a."ConcurrencyStamp", a."CreatedAt", a."Email", a."EmailConfirmed", a."FirstName", a."LastName", a."LockoutEnabled", a."LockoutEnd", a."NormalizedEmail", a."NormalizedUserName", a."PasswordHash", a."PhoneNumber", a."PhoneNumberConfirmed", a."SecurityStamp", a."Timezone", a."TwoFactorEnabled", a."UserName"
FROM refresh_tokens AS r
INNER JOIN "AspNetUsers" AS a ON r.user_id = a."Id"
WHERE r.token = @incomingToken
LIMIT 2
2026-06-04 03:56:41.357 -05:00 [INF] [278c64f1-9b62-4412-8e40-66eb42446543] Microsoft.EntityFrameworkCore.Database.Command Executed DbCommand (1ms) [Parameters=[@p1='?' (DbType = Int32), @p0='?' (DbType = DateTime), @p2='?' (DbType = DateTime), @p3='?' (DbType = DateTime), @p4='?' (DbType = DateTime), @p5='?', @p6='?'], CommandType='"Text"', CommandTimeout='30']
UPDATE refresh_tokens SET revoked_at = @p0
WHERE "Id" = @p1;
INSERT INTO refresh_tokens (created_at, expires_at, revoked_at, token, user_id)
VALUES (@p2, @p3, @p4, @p5, @p6)
RETURNING "Id";
2026-06-04 03:56:41.361 -05:00 [INF] [278c64f1-9b62-4412-8e40-66eb42446543] Microsoft.EntityFrameworkCore.Database.Command Executed DbCommand (1ms) [Parameters=[@userId='?'], CommandType='"Text"', CommandTimeout='30']
SELECT a0."Name"
FROM "AspNetUserRoles" AS a
INNER JOIN "AspNetRoles" AS a0 ON a."RoleId" = a0."Id"
WHERE a."UserId" = @userId
2026-06-04 03:56:41.362 -05:00 [DBG] [278c64f1-9b62-4412-8e40-66eb42446543] MindedConnections.Api.Services.Auth.AuthService Refresh token rotated for user 3db28be2-44cb-43fd-865c-ee1bcca66e1f
2026-06-04 03:56:41.362 -05:00 [INF] [278c64f1-9b62-4412-8e40-66eb42446543] Serilog.AspNetCore.RequestLoggingMiddleware HTTP POST /auth/refresh responded 200 in 8.5ms
2026-06-04 03:56:41.374 -05:00 [INF] [3a160b0f-6ab8-43a9-80b6-88987f0b63c5] Microsoft.EntityFrameworkCore.Database.Command Executed DbCommand (1ms) [Parameters=[@normalizedEmail='?'], CommandType='"Text"', CommandTimeout='30']
SELECT a."Id", a."AccessFailedCount", a."ConcurrencyStamp", a."CreatedAt", a."Email", a."EmailConfirmed", a."FirstName", a."LastName", a."LockoutEnabled", a."LockoutEnd", a."NormalizedEmail", a."NormalizedUserName", a."PasswordHash", a."PhoneNumber", a."PhoneNumberConfirmed", a."SecurityStamp", a."Timezone", a."TwoFactorEnabled", a."UserName"
FROM "AspNetUsers" AS a
WHERE a."NormalizedEmail" = @normalizedEmail
LIMIT 2
2026-06-04 03:56:41.374 -05:00 [WRN] [3a160b0f-6ab8-43a9-80b6-88987f0b63c5] MindedConnections.Api.Services.Auth.AuthService Failed login attempt for 
2026-06-04 03:56:41.374 -05:00 [WRN] [3a160b0f-6ab8-43a9-80b6-88987f0b63c5] Serilog.AspNetCore.RequestLoggingMiddleware HTTP POST /auth/login responded 401 in 2.5ms
2026-06-04 03:56:42.843 -05:00 [INF] [19051811-18ab-4e7e-bdea-319072a2b0ff] Microsoft.EntityFrameworkCore.Database.Command Executed DbCommand (1ms) [Parameters=[@normalizedEmail='?'], CommandType='"Text"', CommandTimeout='30']
SELECT a."Id", a."AccessFailedCount", a."ConcurrencyStamp", a."CreatedAt", a."Email", a."EmailConfirmed", a."FirstName", a."LastName", a."LockoutEnabled", a."LockoutEnd", a."NormalizedEmail", a."NormalizedUserName", a."PasswordHash", a."PhoneNumber", a."PhoneNumberConfirmed", a."SecurityStamp", a."Timezone", a."TwoFactorEnabled", a."UserName"
FROM "AspNetUsers" AS a
WHERE a."NormalizedEmail" = @normalizedEmail
LIMIT 2
2026-06-04 03:56:42.843 -05:00 [WRN] [19051811-18ab-4e7e-bdea-319072a2b0ff] MindedConnections.Api.Services.Auth.AuthService Failed login attempt for 
2026-06-04 03:56:42.844 -05:00 [WRN] [19051811-18ab-4e7e-bdea-319072a2b0ff] Serilog.AspNetCore.RequestLoggingMiddleware HTTP POST /auth/login responded 401 in 2.0ms
2026-06-04 03:56:42.874 -05:00 [INF] [9689e159-8791-4b7c-ac92-87f519fa9d08] Microsoft.EntityFrameworkCore.Database.Command Executed DbCommand (1ms) [Parameters=[@incomingToken='?'], CommandType='"Text"', CommandTimeout='30']
SELECT r."Id", r.created_at, r.expires_at, r.revoked_at, r.token, r.user_id, a."Id", a."AccessFailedCount", a."ConcurrencyStamp", a."CreatedAt", a."Email", a."EmailConfirmed", a."FirstName", a."LastName", a."LockoutEnabled", a."LockoutEnd", a."NormalizedEmail", a."NormalizedUserName", a."PasswordHash", a."PhoneNumber", a."PhoneNumberConfirmed", a."SecurityStamp", a."Timezone", a."TwoFactorEnabled", a."UserName"
FROM refresh_tokens AS r
INNER JOIN "AspNetUsers" AS a ON r.user_id = a."Id"
WHERE r.token = @incomingToken
LIMIT 2
2026-06-04 03:56:42.875 -05:00 [INF] [9689e159-8791-4b7c-ac92-87f519fa9d08] Microsoft.EntityFrameworkCore.Database.Command Executed DbCommand (1ms) [Parameters=[@p1='?' (DbType = Int32), @p0='?' (DbType = DateTime), @p2='?' (DbType = DateTime), @p3='?' (DbType = DateTime), @p4='?' (DbType = DateTime), @p5='?', @p6='?'], CommandType='"Text"', CommandTimeout='30']
UPDATE refresh_tokens SET revoked_at = @p0
WHERE "Id" = @p1;
INSERT INTO refresh_tokens (created_at, expires_at, revoked_at, token, user_id)
VALUES (@p2, @p3, @p4, @p5, @p6)
RETURNING "Id";
2026-06-04 03:56:42.881 -05:00 [INF] [9689e159-8791-4b7c-ac92-87f519fa9d08] Microsoft.EntityFrameworkCore.Database.Command Executed DbCommand (1ms) [Parameters=[@userId='?'], CommandType='"Text"', CommandTimeout='30']
SELECT a0."Name"
FROM "AspNetUserRoles" AS a
INNER JOIN "AspNetRoles" AS a0 ON a."RoleId" = a0."Id"
WHERE a."UserId" = @userId
2026-06-04 03:56:42.881 -05:00 [DBG] [9689e159-8791-4b7c-ac92-87f519fa9d08] MindedConnections.Api.Services.Auth.AuthService Refresh token rotated for user 3db28be2-44cb-43fd-865c-ee1bcca66e1f
2026-06-04 03:56:42.881 -05:00 [INF] [9689e159-8791-4b7c-ac92-87f519fa9d08] Serilog.AspNetCore.RequestLoggingMiddleware HTTP POST /auth/refresh responded 200 in 9.4ms
2026-06-04 03:56:42.894 -05:00 [INF] [6f18a31a-6e00-4bd8-a0ee-29e9ce9ac9f6] Microsoft.EntityFrameworkCore.Database.Command Executed DbCommand (1ms) [Parameters=[@normalizedEmail='?'], CommandType='"Text"', CommandTimeout='30']
SELECT a."Id", a."AccessFailedCount", a."ConcurrencyStamp", a."CreatedAt", a."Email", a."EmailConfirmed", a."FirstName", a."LastName", a."LockoutEnabled", a."LockoutEnd", a."NormalizedEmail", a."NormalizedUserName", a."PasswordHash", a."PhoneNumber", a."PhoneNumberConfirmed", a."SecurityStamp", a."Timezone", a."TwoFactorEnabled", a."UserName"
FROM "AspNetUsers" AS a
WHERE a."NormalizedEmail" = @normalizedEmail
LIMIT 2
2026-06-04 03:56:42.894 -05:00 [WRN] [6f18a31a-6e00-4bd8-a0ee-29e9ce9ac9f6] MindedConnections.Api.Services.Auth.AuthService Failed login attempt for 
2026-06-04 03:56:42.895 -05:00 [WRN] [6f18a31a-6e00-4bd8-a0ee-29e9ce9ac9f6] Serilog.AspNetCore.RequestLoggingMiddleware HTTP POST /auth/login responded 401 in 2.3ms
2026-06-04 03:56:43.000 -05:00 [INF] [ba37976a-4931-4d84-bcd2-5898bacd58c9] Microsoft.EntityFrameworkCore.Database.Command Executed DbCommand (1ms) [Parameters=[@normalizedEmail='?'], CommandType='"Text"', CommandTimeout='30']
SELECT a."Id", a."AccessFailedCount", a."ConcurrencyStamp", a."CreatedAt", a."Email", a."EmailConfirmed", a."FirstName", a."LastName", a."LockoutEnabled", a."LockoutEnd", a."NormalizedEmail", a."NormalizedUserName", a."PasswordHash", a."PhoneNumber", a."PhoneNumberConfirmed", a."SecurityStamp", a."Timezone", a."TwoFactorEnabled", a."UserName"
FROM "AspNetUsers" AS a
WHERE a."NormalizedEmail" = @normalizedEmail
LIMIT 2
2026-06-04 03:56:43.000 -05:00 [WRN] [ba37976a-4931-4d84-bcd2-5898bacd58c9] MindedConnections.Api.Services.Auth.AuthService Failed login attempt for 
2026-06-04 03:56:43.000 -05:00 [WRN] [ba37976a-4931-4d84-bcd2-5898bacd58c9] Serilog.AspNetCore.RequestLoggingMiddleware HTTP POST /auth/login responded 401 in 2.2ms
2026-06-04 03:56:43.009 -05:00 [INF] [176cb931-254d-450c-bdc5-410fdad4647a] Microsoft.EntityFrameworkCore.Database.Command Executed DbCommand (1ms) [Parameters=[@incomingToken='?'], CommandType='"Text"', CommandTimeout='30']
SELECT r."Id", r.created_at, r.expires_at, r.revoked_at, r.token, r.user_id, a."Id", a."AccessFailedCount", a."ConcurrencyStamp", a."CreatedAt", a."Email", a."EmailConfirmed", a."FirstName", a."LastName", a."LockoutEnabled", a."LockoutEnd", a."NormalizedEmail", a."NormalizedUserName", a."PasswordHash", a."PhoneNumber", a."PhoneNumberConfirmed", a."SecurityStamp", a."Timezone", a."TwoFactorEnabled", a."UserName"
FROM refresh_tokens AS r
INNER JOIN "AspNetUsers" AS a ON r.user_id = a."Id"
WHERE r.token = @incomingToken
LIMIT 2
2026-06-04 03:56:43.011 -05:00 [INF] [176cb931-254d-450c-bdc5-410fdad4647a] Microsoft.EntityFrameworkCore.Database.Command Executed DbCommand (1ms) [Parameters=[@p1='?' (DbType = Int32), @p0='?' (DbType = DateTime), @p2='?' (DbType = DateTime), @p3='?' (DbType = DateTime), @p4='?' (DbType = DateTime), @p5='?', @p6='?'], CommandType='"Text"', CommandTimeout='30']
UPDATE refresh_tokens SET revoked_at = @p0
WHERE "Id" = @p1;
INSERT INTO refresh_tokens (created_at, expires_at, revoked_at, token, user_id)
VALUES (@p2, @p3, @p4, @p5, @p6)
RETURNING "Id";
2026-06-04 03:56:43.015 -05:00 [INF] [176cb931-254d-450c-bdc5-410fdad4647a] Microsoft.EntityFrameworkCore.Database.Command Executed DbCommand (1ms) [Parameters=[@userId='?'], CommandType='"Text"', CommandTimeout='30']
SELECT a0."Name"
FROM "AspNetUserRoles" AS a
INNER JOIN "AspNetRoles" AS a0 ON a."RoleId" = a0."Id"
WHERE a."UserId" = @userId
2026-06-04 03:56:43.015 -05:00 [DBG] [176cb931-254d-450c-bdc5-410fdad4647a] MindedConnections.Api.Services.Auth.AuthService Refresh token rotated for user 3db28be2-44cb-43fd-865c-ee1bcca66e1f
2026-06-04 03:56:43.016 -05:00 [INF] [176cb931-254d-450c-bdc5-410fdad4647a] Serilog.AspNetCore.RequestLoggingMiddleware HTTP POST /auth/refresh responded 200 in 8.6ms
2026-06-04 03:56:43.027 -05:00 [INF] [77490f99-1e69-4da9-8673-6d0b6557bb21] Microsoft.EntityFrameworkCore.Database.Command Executed DbCommand (1ms) [Parameters=[@normalizedEmail='?'], CommandType='"Text"', CommandTimeout='30']
SELECT a."Id", a."AccessFailedCount", a."ConcurrencyStamp", a."CreatedAt", a."Email", a."EmailConfirmed", a."FirstName", a."LastName", a."LockoutEnabled", a."LockoutEnd", a."NormalizedEmail", a."NormalizedUserName", a."PasswordHash", a."PhoneNumber", a."PhoneNumberConfirmed", a."SecurityStamp", a."Timezone", a."TwoFactorEnabled", a."UserName"
FROM "AspNetUsers" AS a
WHERE a."NormalizedEmail" = @normalizedEmail
LIMIT 2
2026-06-04 03:56:43.028 -05:00 [WRN] [77490f99-1e69-4da9-8673-6d0b6557bb21] MindedConnections.Api.Services.Auth.AuthService Failed login attempt for 
2026-06-04 03:56:43.028 -05:00 [WRN] [77490f99-1e69-4da9-8673-6d0b6557bb21] Serilog.AspNetCore.RequestLoggingMiddleware HTTP POST /auth/login responded 401 in 2.0ms
2026-06-04 03:56:43.168 -05:00 [INF] [70a2c974-e263-406f-8582-23e226d03a15] Microsoft.EntityFrameworkCore.Database.Command Executed DbCommand (1ms) [Parameters=[@normalizedEmail='?'], CommandType='"Text"', CommandTimeout='30']
SELECT a."Id", a."AccessFailedCount", a."ConcurrencyStamp", a."CreatedAt", a."Email", a."EmailConfirmed", a."FirstName", a."LastName", a."LockoutEnabled", a."LockoutEnd", a."NormalizedEmail", a."NormalizedUserName", a."PasswordHash", a."PhoneNumber", a."PhoneNumberConfirmed", a."SecurityStamp", a."Timezone", a."TwoFactorEnabled", a."UserName"
FROM "AspNetUsers" AS a
WHERE a."NormalizedEmail" = @normalizedEmail
LIMIT 2
2026-06-04 03:56:43.169 -05:00 [WRN] [70a2c974-e263-406f-8582-23e226d03a15] MindedConnections.Api.Services.Auth.AuthService Failed login attempt for 
2026-06-04 03:56:43.169 -05:00 [WRN] [70a2c974-e263-406f-8582-23e226d03a15] Serilog.AspNetCore.RequestLoggingMiddleware HTTP POST /auth/login responded 401 in 2.0ms
2026-06-04 03:56:43.178 -05:00 [INF] [51a4ab9f-6da1-41bb-aab5-62280413a1b4] Microsoft.EntityFrameworkCore.Database.Command Executed DbCommand (1ms) [Parameters=[@incomingToken='?'], CommandType='"Text"', CommandTimeout='30']
SELECT r."Id", r.created_at, r.expires_at, r.revoked_at, r.token, r.user_id, a."Id", a."AccessFailedCount", a."ConcurrencyStamp", a."CreatedAt", a."Email", a."EmailConfirmed", a."FirstName", a."LastName", a."LockoutEnabled", a."LockoutEnd", a."NormalizedEmail", a."NormalizedUserName", a."PasswordHash", a."PhoneNumber", a."PhoneNumberConfirmed", a."SecurityStamp", a."Timezone", a."TwoFactorEnabled", a."UserName"
FROM refresh_tokens AS r
INNER JOIN "AspNetUsers" AS a ON r.user_id = a."Id"
WHERE r.token = @incomingToken
LIMIT 2
2026-06-04 03:56:43.179 -05:00 [INF] [51a4ab9f-6da1-41bb-aab5-62280413a1b4] Microsoft.EntityFrameworkCore.Database.Command Executed DbCommand (1ms) [Parameters=[@p1='?' (DbType = Int32), @p0='?' (DbType = DateTime), @p2='?' (DbType = DateTime), @p3='?' (DbType = DateTime), @p4='?' (DbType = DateTime), @p5='?', @p6='?'], CommandType='"Text"', CommandTimeout='30']
UPDATE refresh_tokens SET revoked_at = @p0
WHERE "Id" = @p1;
INSERT INTO refresh_tokens (created_at, expires_at, revoked_at, token, user_id)
VALUES (@p2, @p3, @p4, @p5, @p6)
RETURNING "Id";
2026-06-04 03:56:43.183 -05:00 [INF] [51a4ab9f-6da1-41bb-aab5-62280413a1b4] Microsoft.EntityFrameworkCore.Database.Command Executed DbCommand (1ms) [Parameters=[@userId='?'], CommandType='"Text"', CommandTimeout='30']
SELECT a0."Name"
FROM "AspNetUserRoles" AS a
INNER JOIN "AspNetRoles" AS a0 ON a."RoleId" = a0."Id"
WHERE a."UserId" = @userId
2026-06-04 03:56:43.184 -05:00 [DBG] [51a4ab9f-6da1-41bb-aab5-62280413a1b4] MindedConnections.Api.Services.Auth.AuthService Refresh token rotated for user 3db28be2-44cb-43fd-865c-ee1bcca66e1f
2026-06-04 03:56:43.184 -05:00 [INF] [51a4ab9f-6da1-41bb-aab5-62280413a1b4] Serilog.AspNetCore.RequestLoggingMiddleware HTTP POST /auth/refresh responded 200 in 7.8ms
2026-06-04 03:56:43.195 -05:00 [INF] [b3504390-740f-43f0-bec5-1f8e9af60bc3] Microsoft.EntityFrameworkCore.Database.Command Executed DbCommand (1ms) [Parameters=[@normalizedEmail='?'], CommandType='"Text"', CommandTimeout='30']
SELECT a."Id", a."AccessFailedCount", a."ConcurrencyStamp", a."CreatedAt", a."Email", a."EmailConfirmed", a."FirstName", a."LastName", a."LockoutEnabled", a."LockoutEnd", a."NormalizedEmail", a."NormalizedUserName", a."PasswordHash", a."PhoneNumber", a."PhoneNumberConfirmed", a."SecurityStamp", a."Timezone", a."TwoFactorEnabled", a."UserName"
FROM "AspNetUsers" AS a
WHERE a."NormalizedEmail" = @normalizedEmail
LIMIT 2
2026-06-04 03:56:43.195 -05:00 [WRN] [b3504390-740f-43f0-bec5-1f8e9af60bc3] MindedConnections.Api.Services.Auth.AuthService Failed login attempt for 
2026-06-04 03:56:43.195 -05:00 [WRN] [b3504390-740f-43f0-bec5-1f8e9af60bc3] Serilog.AspNetCore.RequestLoggingMiddleware HTTP POST /auth/login responded 401 in 2.3ms
2026-06-04 03:56:44.370 -05:00 [INF] [9332eaf6-e351-405e-90c6-2e05b2e1b091] Microsoft.EntityFrameworkCore.Database.Command Executed DbCommand (1ms) [Parameters=[@normalizedEmail='?'], CommandType='"Text"', CommandTimeout='30']
SELECT a."Id", a."AccessFailedCount", a."ConcurrencyStamp", a."CreatedAt", a."Email", a."EmailConfirmed", a."FirstName", a."LastName", a."LockoutEnabled", a."LockoutEnd", a."NormalizedEmail", a."NormalizedUserName", a."PasswordHash", a."PhoneNumber", a."PhoneNumberConfirmed", a."SecurityStamp", a."Timezone", a."TwoFactorEnabled", a."UserName"
FROM "AspNetUsers" AS a
WHERE a."NormalizedEmail" = @normalizedEmail
LIMIT 2
2026-06-04 03:56:44.371 -05:00 [WRN] [9332eaf6-e351-405e-90c6-2e05b2e1b091] MindedConnections.Api.Services.Auth.AuthService Failed login attempt for 
2026-06-04 03:56:44.371 -05:00 [WRN] [9332eaf6-e351-405e-90c6-2e05b2e1b091] Serilog.AspNetCore.RequestLoggingMiddleware HTTP POST /auth/login responded 401 in 2.5ms
2026-06-04 03:56:44.380 -05:00 [INF] [72f35fd6-77ee-468b-8f94-5351b05860a3] Microsoft.EntityFrameworkCore.Database.Command Executed DbCommand (1ms) [Parameters=[@incomingToken='?'], CommandType='"Text"', CommandTimeout='30']
SELECT r."Id", r.created_at, r.expires_at, r.revoked_at, r.token, r.user_id, a."Id", a."AccessFailedCount", a."ConcurrencyStamp", a."CreatedAt", a."Email", a."EmailConfirmed", a."FirstName", a."LastName", a."LockoutEnabled", a."LockoutEnd", a."NormalizedEmail", a."NormalizedUserName", a."PasswordHash", a."PhoneNumber", a."PhoneNumberConfirmed", a."SecurityStamp", a."Timezone", a."TwoFactorEnabled", a."UserName"
FROM refresh_tokens AS r
INNER JOIN "AspNetUsers" AS a ON r.user_id = a."Id"
WHERE r.token = @incomingToken
LIMIT 2
2026-06-04 03:56:44.382 -05:00 [INF] [72f35fd6-77ee-468b-8f94-5351b05860a3] Microsoft.EntityFrameworkCore.Database.Command Executed DbCommand (1ms) [Parameters=[@p1='?' (DbType = Int32), @p0='?' (DbType = DateTime), @p2='?' (DbType = DateTime), @p3='?' (DbType = DateTime), @p4='?' (DbType = DateTime), @p5='?', @p6='?'], CommandType='"Text"', CommandTimeout='30']
UPDATE refresh_tokens SET revoked_at = @p0
WHERE "Id" = @p1;
INSERT INTO refresh_tokens (created_at, expires_at, revoked_at, token, user_id)
VALUES (@p2, @p3, @p4, @p5, @p6)
RETURNING "Id";
2026-06-04 03:56:44.396 -05:00 [INF] [72f35fd6-77ee-468b-8f94-5351b05860a3] Microsoft.EntityFrameworkCore.Database.Command Executed DbCommand (1ms) [Parameters=[@userId='?'], CommandType='"Text"', CommandTimeout='30']
SELECT a0."Name"
FROM "AspNetUserRoles" AS a
INNER JOIN "AspNetRoles" AS a0 ON a."RoleId" = a0."Id"
WHERE a."UserId" = @userId
2026-06-04 03:56:44.396 -05:00 [DBG] [72f35fd6-77ee-468b-8f94-5351b05860a3] MindedConnections.Api.Services.Auth.AuthService Refresh token rotated for user 3db28be2-44cb-43fd-865c-ee1bcca66e1f
2026-06-04 03:56:44.397 -05:00 [INF] [72f35fd6-77ee-468b-8f94-5351b05860a3] Serilog.AspNetCore.RequestLoggingMiddleware HTTP POST /auth/refresh responded 200 in 18.1ms
2026-06-04 03:56:44.420 -05:00 [INF] [e67fb48b-e659-4268-a0f3-ee525b486a74] Microsoft.EntityFrameworkCore.Database.Command Executed DbCommand (2ms) [Parameters=[@normalizedEmail='?'], CommandType='"Text"', CommandTimeout='30']
SELECT a."Id", a."AccessFailedCount", a."ConcurrencyStamp", a."CreatedAt", a."Email", a."EmailConfirmed", a."FirstName", a."LastName", a."LockoutEnabled", a."LockoutEnd", a."NormalizedEmail", a."NormalizedUserName", a."PasswordHash", a."PhoneNumber", a."PhoneNumberConfirmed", a."SecurityStamp", a."Timezone", a."TwoFactorEnabled", a."UserName"
FROM "AspNetUsers" AS a
WHERE a."NormalizedEmail" = @normalizedEmail
LIMIT 2
2026-06-04 03:56:44.421 -05:00 [WRN] [e67fb48b-e659-4268-a0f3-ee525b486a74] MindedConnections.Api.Services.Auth.AuthService Failed login attempt for 
2026-06-04 03:56:44.421 -05:00 [WRN] [e67fb48b-e659-4268-a0f3-ee525b486a74] Serilog.AspNetCore.RequestLoggingMiddleware HTTP POST /auth/login responded 401 in 4.1ms
2026-06-04 03:56:50.947 -05:00 [INF] [73be0d4e-2aa6-4acb-af94-686941b6d25f] Microsoft.EntityFrameworkCore.Database.Command Executed DbCommand (1ms) [Parameters=[@normalizedEmail='?'], CommandType='"Text"', CommandTimeout='30']
SELECT a."Id", a."AccessFailedCount", a."ConcurrencyStamp", a."CreatedAt", a."Email", a."EmailConfirmed", a."FirstName", a."LastName", a."LockoutEnabled", a."LockoutEnd", a."NormalizedEmail", a."NormalizedUserName", a."PasswordHash", a."PhoneNumber", a."PhoneNumberConfirmed", a."SecurityStamp", a."Timezone", a."TwoFactorEnabled", a."UserName"
FROM "AspNetUsers" AS a
WHERE a."NormalizedEmail" = @normalizedEmail
LIMIT 2
2026-06-04 03:56:50.948 -05:00 [WRN] [73be0d4e-2aa6-4acb-af94-686941b6d25f] MindedConnections.Api.Services.Auth.AuthService Failed login attempt for 
2026-06-04 03:56:50.948 -05:00 [WRN] [73be0d4e-2aa6-4acb-af94-686941b6d25f] Serilog.AspNetCore.RequestLoggingMiddleware HTTP POST /auth/login responded 401 in 2.1ms
2026-06-04 03:56:50.959 -05:00 [INF] [6f416ec8-6368-47c7-a485-42dad00f6fce] Microsoft.EntityFrameworkCore.Database.Command Executed DbCommand (1ms) [Parameters=[@incomingToken='?'], CommandType='"Text"', CommandTimeout='30']
SELECT r."Id", r.created_at, r.expires_at, r.revoked_at, r.token, r.user_id, a."Id", a."AccessFailedCount", a."ConcurrencyStamp", a."CreatedAt", a."Email", a."EmailConfirmed", a."FirstName", a."LastName", a."LockoutEnabled", a."LockoutEnd", a."NormalizedEmail", a."NormalizedUserName", a."PasswordHash", a."PhoneNumber", a."PhoneNumberConfirmed", a."SecurityStamp", a."Timezone", a."TwoFactorEnabled", a."UserName"
FROM refresh_tokens AS r
INNER JOIN "AspNetUsers" AS a ON r.user_id = a."Id"
WHERE r.token = @incomingToken
LIMIT 2
2026-06-04 03:56:50.961 -05:00 [INF] [6f416ec8-6368-47c7-a485-42dad00f6fce] Microsoft.EntityFrameworkCore.Database.Command Executed DbCommand (1ms) [Parameters=[@p1='?' (DbType = Int32), @p0='?' (DbType = DateTime), @p2='?' (DbType = DateTime), @p3='?' (DbType = DateTime), @p4='?' (DbType = DateTime), @p5='?', @p6='?'], CommandType='"Text"', CommandTimeout='30']
UPDATE refresh_tokens SET revoked_at = @p0
WHERE "Id" = @p1;
INSERT INTO refresh_tokens (created_at, expires_at, revoked_at, token, user_id)
VALUES (@p2, @p3, @p4, @p5, @p6)
RETURNING "Id";
2026-06-04 03:56:50.974 -05:00 [INF] [6f416ec8-6368-47c7-a485-42dad00f6fce] Microsoft.EntityFrameworkCore.Database.Command Executed DbCommand (1ms) [Parameters=[@userId='?'], CommandType='"Text"', CommandTimeout='30']
SELECT a0."Name"
FROM "AspNetUserRoles" AS a
INNER JOIN "AspNetRoles" AS a0 ON a."RoleId" = a0."Id"
WHERE a."UserId" = @userId
2026-06-04 03:56:50.975 -05:00 [DBG] [6f416ec8-6368-47c7-a485-42dad00f6fce] MindedConnections.Api.Services.Auth.AuthService Refresh token rotated for user 3db28be2-44cb-43fd-865c-ee1bcca66e1f
2026-06-04 03:56:50.975 -05:00 [INF] [6f416ec8-6368-47c7-a485-42dad00f6fce] Serilog.AspNetCore.RequestLoggingMiddleware HTTP POST /auth/refresh responded 200 in 17.5ms
2026-06-04 03:56:50.985 -05:00 [INF] [bb371b1f-54e8-4e68-b99f-665419dede13] Microsoft.EntityFrameworkCore.Database.Command Executed DbCommand (1ms) [Parameters=[@normalizedEmail='?'], CommandType='"Text"', CommandTimeout='30']
SELECT a."Id", a."AccessFailedCount", a."ConcurrencyStamp", a."CreatedAt", a."Email", a."EmailConfirmed", a."FirstName", a."LastName", a."LockoutEnabled", a."LockoutEnd", a."NormalizedEmail", a."NormalizedUserName", a."PasswordHash", a."PhoneNumber", a."PhoneNumberConfirmed", a."SecurityStamp", a."Timezone", a."TwoFactorEnabled", a."UserName"
FROM "AspNetUsers" AS a
WHERE a."NormalizedEmail" = @normalizedEmail
LIMIT 2
2026-06-04 03:56:50.986 -05:00 [WRN] [bb371b1f-54e8-4e68-b99f-665419dede13] MindedConnections.Api.Services.Auth.AuthService Failed login attempt for 
2026-06-04 03:56:50.986 -05:00 [WRN] [bb371b1f-54e8-4e68-b99f-665419dede13] Serilog.AspNetCore.RequestLoggingMiddleware HTTP POST /auth/login responded 401 in 2.2ms
2026-06-04 03:56:53.199 -05:00 [INF] [c65b2811-9cb6-4fba-bbd4-a8a7ee736343] Microsoft.EntityFrameworkCore.Database.Command Executed DbCommand (1ms) [Parameters=[@normalizedEmail='?'], CommandType='"Text"', CommandTimeout='30']
SELECT a."Id", a."AccessFailedCount", a."ConcurrencyStamp", a."CreatedAt", a."Email", a."EmailConfirmed", a."FirstName", a."LastName", a."LockoutEnabled", a."LockoutEnd", a."NormalizedEmail", a."NormalizedUserName", a."PasswordHash", a."PhoneNumber", a."PhoneNumberConfirmed", a."SecurityStamp", a."Timezone", a."TwoFactorEnabled", a."UserName"
FROM "AspNetUsers" AS a
WHERE a."NormalizedEmail" = @normalizedEmail
LIMIT 2
2026-06-04 03:56:53.199 -05:00 [WRN] [c65b2811-9cb6-4fba-bbd4-a8a7ee736343] MindedConnections.Api.Services.Auth.AuthService Failed login attempt for 
2026-06-04 03:56:53.199 -05:00 [WRN] [c65b2811-9cb6-4fba-bbd4-a8a7ee736343] Serilog.AspNetCore.RequestLoggingMiddleware HTTP POST /auth/login responded 401 in 2.3ms
2026-06-04 03:56:53.210 -05:00 [INF] [e246b35f-fb8f-4cb8-9ebf-45415ff3f876] Microsoft.EntityFrameworkCore.Database.Command Executed DbCommand (1ms) [Parameters=[@incomingToken='?'], CommandType='"Text"', CommandTimeout='30']
SELECT r."Id", r.created_at, r.expires_at, r.revoked_at, r.token, r.user_id, a."Id", a."AccessFailedCount", a."ConcurrencyStamp", a."CreatedAt", a."Email", a."EmailConfirmed", a."FirstName", a."LastName", a."LockoutEnabled", a."LockoutEnd", a."NormalizedEmail", a."NormalizedUserName", a."PasswordHash", a."PhoneNumber", a."PhoneNumberConfirmed", a."SecurityStamp", a."Timezone", a."TwoFactorEnabled", a."UserName"
FROM refresh_tokens AS r
INNER JOIN "AspNetUsers" AS a ON r.user_id = a."Id"
WHERE r.token = @incomingToken
LIMIT 2
2026-06-04 03:56:53.212 -05:00 [INF] [e246b35f-fb8f-4cb8-9ebf-45415ff3f876] Microsoft.EntityFrameworkCore.Database.Command Executed DbCommand (1ms) [Parameters=[@p1='?' (DbType = Int32), @p0='?' (DbType = DateTime), @p2='?' (DbType = DateTime), @p3='?' (DbType = DateTime), @p4='?' (DbType = DateTime), @p5='?', @p6='?'], CommandType='"Text"', CommandTimeout='30']
UPDATE refresh_tokens SET revoked_at = @p0
WHERE "Id" = @p1;
INSERT INTO refresh_tokens (created_at, expires_at, revoked_at, token, user_id)
VALUES (@p2, @p3, @p4, @p5, @p6)
RETURNING "Id";
2026-06-04 03:56:53.218 -05:00 [INF] [e246b35f-fb8f-4cb8-9ebf-45415ff3f876] Microsoft.EntityFrameworkCore.Database.Command Executed DbCommand (1ms) [Parameters=[@userId='?'], CommandType='"Text"', CommandTimeout='30']
SELECT a0."Name"
FROM "AspNetUserRoles" AS a
INNER JOIN "AspNetRoles" AS a0 ON a."RoleId" = a0."Id"
WHERE a."UserId" = @userId
2026-06-04 03:56:53.218 -05:00 [DBG] [e246b35f-fb8f-4cb8-9ebf-45415ff3f876] MindedConnections.Api.Services.Auth.AuthService Refresh token rotated for user 3db28be2-44cb-43fd-865c-ee1bcca66e1f
2026-06-04 03:56:53.218 -05:00 [INF] [e246b35f-fb8f-4cb8-9ebf-45415ff3f876] Serilog.AspNetCore.RequestLoggingMiddleware HTTP POST /auth/refresh responded 200 in 10.5ms
2026-06-04 03:56:53.230 -05:00 [INF] [fedb6812-f2af-491c-8c9d-b9df66b4b5c4] Microsoft.EntityFrameworkCore.Database.Command Executed DbCommand (1ms) [Parameters=[@normalizedEmail='?'], CommandType='"Text"', CommandTimeout='30']
SELECT a."Id", a."AccessFailedCount", a."ConcurrencyStamp", a."CreatedAt", a."Email", a."EmailConfirmed", a."FirstName", a."LastName", a."LockoutEnabled", a."LockoutEnd", a."NormalizedEmail", a."NormalizedUserName", a."PasswordHash", a."PhoneNumber", a."PhoneNumberConfirmed", a."SecurityStamp", a."Timezone", a."TwoFactorEnabled", a."UserName"
FROM "AspNetUsers" AS a
WHERE a."NormalizedEmail" = @normalizedEmail
LIMIT 2
2026-06-04 03:56:53.231 -05:00 [WRN] [fedb6812-f2af-491c-8c9d-b9df66b4b5c4] MindedConnections.Api.Services.Auth.AuthService Failed login attempt for 
2026-06-04 03:56:53.231 -05:00 [WRN] [fedb6812-f2af-491c-8c9d-b9df66b4b5c4] Serilog.AspNetCore.RequestLoggingMiddleware HTTP POST /auth/login responded 401 in 1.8ms
2026-06-04 03:57:24.719 -05:00 [INF] [61e79091-b67a-4b0e-968b-c43190122529] Microsoft.EntityFrameworkCore.Database.Command Executed DbCommand (1ms) [Parameters=[@normalizedEmail='?'], CommandType='"Text"', CommandTimeout='30']
SELECT a."Id", a."AccessFailedCount", a."ConcurrencyStamp", a."CreatedAt", a."Email", a."EmailConfirmed", a."FirstName", a."LastName", a."LockoutEnabled", a."LockoutEnd", a."NormalizedEmail", a."NormalizedUserName", a."PasswordHash", a."PhoneNumber", a."PhoneNumberConfirmed", a."SecurityStamp", a."Timezone", a."TwoFactorEnabled", a."UserName"
FROM "AspNetUsers" AS a
WHERE a."NormalizedEmail" = @normalizedEmail
LIMIT 2
2026-06-04 03:57:24.719 -05:00 [WRN] [61e79091-b67a-4b0e-968b-c43190122529] MindedConnections.Api.Services.Auth.AuthService Failed login attempt for 
2026-06-04 03:57:24.720 -05:00 [WRN] [61e79091-b67a-4b0e-968b-c43190122529] Serilog.AspNetCore.RequestLoggingMiddleware HTTP POST /auth/login responded 401 in 2.2ms
2026-06-04 03:57:24.730 -05:00 [INF] [e59a80a6-16e9-4f1a-ad46-ac04b920fcbb] Microsoft.EntityFrameworkCore.Database.Command Executed DbCommand (1ms) [Parameters=[@incomingToken='?'], CommandType='"Text"', CommandTimeout='30']
SELECT r."Id", r.created_at, r.expires_at, r.revoked_at, r.token, r.user_id, a."Id", a."AccessFailedCount", a."ConcurrencyStamp", a."CreatedAt", a."Email", a."EmailConfirmed", a."FirstName", a."LastName", a."LockoutEnabled", a."LockoutEnd", a."NormalizedEmail", a."NormalizedUserName", a."PasswordHash", a."PhoneNumber", a."PhoneNumberConfirmed", a."SecurityStamp", a."Timezone", a."TwoFactorEnabled", a."UserName"
FROM refresh_tokens AS r
INNER JOIN "AspNetUsers" AS a ON r.user_id = a."Id"
WHERE r.token = @incomingToken
LIMIT 2
2026-06-04 03:57:24.732 -05:00 [INF] [e59a80a6-16e9-4f1a-ad46-ac04b920fcbb] Microsoft.EntityFrameworkCore.Database.Command Executed DbCommand (1ms) [Parameters=[@p1='?' (DbType = Int32), @p0='?' (DbType = DateTime), @p2='?' (DbType = DateTime), @p3='?' (DbType = DateTime), @p4='?' (DbType = DateTime), @p5='?', @p6='?'], CommandType='"Text"', CommandTimeout='30']
UPDATE refresh_tokens SET revoked_at = @p0
WHERE "Id" = @p1;
INSERT INTO refresh_tokens (created_at, expires_at, revoked_at, token, user_id)
VALUES (@p2, @p3, @p4, @p5, @p6)
RETURNING "Id";
2026-06-04 03:57:24.746 -05:00 [INF] [e59a80a6-16e9-4f1a-ad46-ac04b920fcbb] Microsoft.EntityFrameworkCore.Database.Command Executed DbCommand (1ms) [Parameters=[@userId='?'], CommandType='"Text"', CommandTimeout='30']
SELECT a0."Name"
FROM "AspNetUserRoles" AS a
INNER JOIN "AspNetRoles" AS a0 ON a."RoleId" = a0."Id"
WHERE a."UserId" = @userId
2026-06-04 03:57:24.747 -05:00 [DBG] [e59a80a6-16e9-4f1a-ad46-ac04b920fcbb] MindedConnections.Api.Services.Auth.AuthService Refresh token rotated for user 3db28be2-44cb-43fd-865c-ee1bcca66e1f
2026-06-04 03:57:24.747 -05:00 [INF] [e59a80a6-16e9-4f1a-ad46-ac04b920fcbb] Serilog.AspNetCore.RequestLoggingMiddleware HTTP POST /auth/refresh responded 200 in 18.7ms
2026-06-04 03:57:24.760 -05:00 [INF] [4929862f-ecd3-4acd-a841-e5119be80d71] Microsoft.EntityFrameworkCore.Database.Command Executed DbCommand (1ms) [Parameters=[@normalizedEmail='?'], CommandType='"Text"', CommandTimeout='30']
SELECT a."Id", a."AccessFailedCount", a."ConcurrencyStamp", a."CreatedAt", a."Email", a."EmailConfirmed", a."FirstName", a."LastName", a."LockoutEnabled", a."LockoutEnd", a."NormalizedEmail", a."NormalizedUserName", a."PasswordHash", a."PhoneNumber", a."PhoneNumberConfirmed", a."SecurityStamp", a."Timezone", a."TwoFactorEnabled", a."UserName"
FROM "AspNetUsers" AS a
WHERE a."NormalizedEmail" = @normalizedEmail
LIMIT 2
2026-06-04 03:57:24.760 -05:00 [WRN] [4929862f-ecd3-4acd-a841-e5119be80d71] MindedConnections.Api.Services.Auth.AuthService Failed login attempt for 
2026-06-04 03:57:24.760 -05:00 [WRN] [4929862f-ecd3-4acd-a841-e5119be80d71] Serilog.AspNetCore.RequestLoggingMiddleware HTTP POST /auth/login responded 401 in 2.1ms
2026-06-04 03:57:25.252 -05:00 [INF] [b05a2c83-9868-4f0f-8c85-d0932a870937] Microsoft.EntityFrameworkCore.Database.Command Executed DbCommand (1ms) [Parameters=[@normalizedEmail='?'], CommandType='"Text"', CommandTimeout='30']
SELECT a."Id", a."AccessFailedCount", a."ConcurrencyStamp", a."CreatedAt", a."Email", a."EmailConfirmed", a."FirstName", a."LastName", a."LockoutEnabled", a."LockoutEnd", a."NormalizedEmail", a."NormalizedUserName", a."PasswordHash", a."PhoneNumber", a."PhoneNumberConfirmed", a."SecurityStamp", a."Timezone", a."TwoFactorEnabled", a."UserName"
FROM "AspNetUsers" AS a
WHERE a."NormalizedEmail" = @normalizedEmail
LIMIT 2
2026-06-04 03:57:25.252 -05:00 [WRN] [b05a2c83-9868-4f0f-8c85-d0932a870937] MindedConnections.Api.Services.Auth.AuthService Failed login attempt for 
2026-06-04 03:57:25.253 -05:00 [WRN] [b05a2c83-9868-4f0f-8c85-d0932a870937] Serilog.AspNetCore.RequestLoggingMiddleware HTTP POST /auth/login responded 401 in 2.2ms
2026-06-04 03:57:25.262 -05:00 [INF] [eeec9209-672e-433f-a2c7-3e33575b2421] Microsoft.EntityFrameworkCore.Database.Command Executed DbCommand (1ms) [Parameters=[@incomingToken='?'], CommandType='"Text"', CommandTimeout='30']
SELECT r."Id", r.created_at, r.expires_at, r.revoked_at, r.token, r.user_id, a."Id", a."AccessFailedCount", a."ConcurrencyStamp", a."CreatedAt", a."Email", a."EmailConfirmed", a."FirstName", a."LastName", a."LockoutEnabled", a."LockoutEnd", a."NormalizedEmail", a."NormalizedUserName", a."PasswordHash", a."PhoneNumber", a."PhoneNumberConfirmed", a."SecurityStamp", a."Timezone", a."TwoFactorEnabled", a."UserName"
FROM refresh_tokens AS r
INNER JOIN "AspNetUsers" AS a ON r.user_id = a."Id"
WHERE r.token = @incomingToken
LIMIT 2
2026-06-04 03:57:25.264 -05:00 [INF] [eeec9209-672e-433f-a2c7-3e33575b2421] Microsoft.EntityFrameworkCore.Database.Command Executed DbCommand (1ms) [Parameters=[@p1='?' (DbType = Int32), @p0='?' (DbType = DateTime), @p2='?' (DbType = DateTime), @p3='?' (DbType = DateTime), @p4='?' (DbType = DateTime), @p5='?', @p6='?'], CommandType='"Text"', CommandTimeout='30']
UPDATE refresh_tokens SET revoked_at = @p0
WHERE "Id" = @p1;
INSERT INTO refresh_tokens (created_at, expires_at, revoked_at, token, user_id)
VALUES (@p2, @p3, @p4, @p5, @p6)
RETURNING "Id";
2026-06-04 03:57:25.279 -05:00 [INF] [eeec9209-672e-433f-a2c7-3e33575b2421] Microsoft.EntityFrameworkCore.Database.Command Executed DbCommand (1ms) [Parameters=[@userId='?'], CommandType='"Text"', CommandTimeout='30']
SELECT a0."Name"
FROM "AspNetUserRoles" AS a
INNER JOIN "AspNetRoles" AS a0 ON a."RoleId" = a0."Id"
WHERE a."UserId" = @userId
2026-06-04 03:57:25.279 -05:00 [DBG] [eeec9209-672e-433f-a2c7-3e33575b2421] MindedConnections.Api.Services.Auth.AuthService Refresh token rotated for user 3db28be2-44cb-43fd-865c-ee1bcca66e1f
2026-06-04 03:57:25.279 -05:00 [INF] [eeec9209-672e-433f-a2c7-3e33575b2421] Serilog.AspNetCore.RequestLoggingMiddleware HTTP POST /auth/refresh responded 200 in 19.2ms
2026-06-04 03:57:25.290 -05:00 [INF] [30134ade-9c27-42f0-b26a-039ad8aa2460] Microsoft.EntityFrameworkCore.Database.Command Executed DbCommand (1ms) [Parameters=[@normalizedEmail='?'], CommandType='"Text"', CommandTimeout='30']
SELECT a."Id", a."AccessFailedCount", a."ConcurrencyStamp", a."CreatedAt", a."Email", a."EmailConfirmed", a."FirstName", a."LastName", a."LockoutEnabled", a."LockoutEnd", a."NormalizedEmail", a."NormalizedUserName", a."PasswordHash", a."PhoneNumber", a."PhoneNumberConfirmed", a."SecurityStamp", a."Timezone", a."TwoFactorEnabled", a."UserName"
FROM "AspNetUsers" AS a
WHERE a."NormalizedEmail" = @normalizedEmail
LIMIT 2
2026-06-04 03:57:25.290 -05:00 [WRN] [30134ade-9c27-42f0-b26a-039ad8aa2460] MindedConnections.Api.Services.Auth.AuthService Failed login attempt for 
2026-06-04 03:57:25.291 -05:00 [WRN] [30134ade-9c27-42f0-b26a-039ad8aa2460] Serilog.AspNetCore.RequestLoggingMiddleware HTTP POST /auth/login responded 401 in 2.6ms
2026-06-04 03:57:25.739 -05:00 [INF] [2a999acf-062d-427a-a5e4-cc0e4e711d6f] Microsoft.EntityFrameworkCore.Database.Command Executed DbCommand (1ms) [Parameters=[@normalizedEmail='?'], CommandType='"Text"', CommandTimeout='30']
SELECT a."Id", a."AccessFailedCount", a."ConcurrencyStamp", a."CreatedAt", a."Email", a."EmailConfirmed", a."FirstName", a."LastName", a."LockoutEnabled", a."LockoutEnd", a."NormalizedEmail", a."NormalizedUserName", a."PasswordHash", a."PhoneNumber", a."PhoneNumberConfirmed", a."SecurityStamp", a."Timezone", a."TwoFactorEnabled", a."UserName"
FROM "AspNetUsers" AS a
WHERE a."NormalizedEmail" = @normalizedEmail
LIMIT 2
2026-06-04 03:57:25.740 -05:00 [WRN] [2a999acf-062d-427a-a5e4-cc0e4e711d6f] MindedConnections.Api.Services.Auth.AuthService Failed login attempt for 
2026-06-04 03:57:25.740 -05:00 [WRN] [2a999acf-062d-427a-a5e4-cc0e4e711d6f] Serilog.AspNetCore.RequestLoggingMiddleware HTTP POST /auth/login responded 401 in 2.2ms
2026-06-04 03:57:25.749 -05:00 [INF] [c8b930e3-403d-4006-9c14-554fca640c55] Microsoft.EntityFrameworkCore.Database.Command Executed DbCommand (1ms) [Parameters=[@incomingToken='?'], CommandType='"Text"', CommandTimeout='30']
SELECT r."Id", r.created_at, r.expires_at, r.revoked_at, r.token, r.user_id, a."Id", a."AccessFailedCount", a."ConcurrencyStamp", a."CreatedAt", a."Email", a."EmailConfirmed", a."FirstName", a."LastName", a."LockoutEnabled", a."LockoutEnd", a."NormalizedEmail", a."NormalizedUserName", a."PasswordHash", a."PhoneNumber", a."PhoneNumberConfirmed", a."SecurityStamp", a."Timezone", a."TwoFactorEnabled", a."UserName"
FROM refresh_tokens AS r
INNER JOIN "AspNetUsers" AS a ON r.user_id = a."Id"
WHERE r.token = @incomingToken
LIMIT 2
2026-06-04 03:57:25.751 -05:00 [INF] [c8b930e3-403d-4006-9c14-554fca640c55] Microsoft.EntityFrameworkCore.Database.Command Executed DbCommand (1ms) [Parameters=[@p1='?' (DbType = Int32), @p0='?' (DbType = DateTime), @p2='?' (DbType = DateTime), @p3='?' (DbType = DateTime), @p4='?' (DbType = DateTime), @p5='?', @p6='?'], CommandType='"Text"', CommandTimeout='30']
UPDATE refresh_tokens SET revoked_at = @p0
WHERE "Id" = @p1;
INSERT INTO refresh_tokens (created_at, expires_at, revoked_at, token, user_id)
VALUES (@p2, @p3, @p4, @p5, @p6)
RETURNING "Id";
2026-06-04 03:57:25.764 -05:00 [INF] [c8b930e3-403d-4006-9c14-554fca640c55] Microsoft.EntityFrameworkCore.Database.Command Executed DbCommand (1ms) [Parameters=[@userId='?'], CommandType='"Text"', CommandTimeout='30']
SELECT a0."Name"
FROM "AspNetUserRoles" AS a
INNER JOIN "AspNetRoles" AS a0 ON a."RoleId" = a0."Id"
WHERE a."UserId" = @userId
2026-06-04 03:57:25.764 -05:00 [DBG] [c8b930e3-403d-4006-9c14-554fca640c55] MindedConnections.Api.Services.Auth.AuthService Refresh token rotated for user 3db28be2-44cb-43fd-865c-ee1bcca66e1f
2026-06-04 03:57:25.764 -05:00 [INF] [c8b930e3-403d-4006-9c14-554fca640c55] Serilog.AspNetCore.RequestLoggingMiddleware HTTP POST /auth/refresh responded 200 in 16.9ms
2026-06-04 03:57:25.776 -05:00 [INF] [89410f6c-a4e1-4a51-9866-903e354fd692] Microsoft.EntityFrameworkCore.Database.Command Executed DbCommand (1ms) [Parameters=[@normalizedEmail='?'], CommandType='"Text"', CommandTimeout='30']
SELECT a."Id", a."AccessFailedCount", a."ConcurrencyStamp", a."CreatedAt", a."Email", a."EmailConfirmed", a."FirstName", a."LastName", a."LockoutEnabled", a."LockoutEnd", a."NormalizedEmail", a."NormalizedUserName", a."PasswordHash", a."PhoneNumber", a."PhoneNumberConfirmed", a."SecurityStamp", a."Timezone", a."TwoFactorEnabled", a."UserName"
FROM "AspNetUsers" AS a
WHERE a."NormalizedEmail" = @normalizedEmail
LIMIT 2
2026-06-04 03:57:25.776 -05:00 [WRN] [89410f6c-a4e1-4a51-9866-903e354fd692] MindedConnections.Api.Services.Auth.AuthService Failed login attempt for 
2026-06-04 03:57:25.776 -05:00 [WRN] [89410f6c-a4e1-4a51-9866-903e354fd692] Serilog.AspNetCore.RequestLoggingMiddleware HTTP POST /auth/login responded 401 in 2.0ms
2026-06-04 03:57:26.139 -05:00 [INF] [5016a5d9-7e70-46fa-a0a5-de7c452c9176] Microsoft.EntityFrameworkCore.Database.Command Executed DbCommand (1ms) [Parameters=[@normalizedEmail='?'], CommandType='"Text"', CommandTimeout='30']
SELECT a."Id", a."AccessFailedCount", a."ConcurrencyStamp", a."CreatedAt", a."Email", a."EmailConfirmed", a."FirstName", a."LastName", a."LockoutEnabled", a."LockoutEnd", a."NormalizedEmail", a."NormalizedUserName", a."PasswordHash", a."PhoneNumber", a."PhoneNumberConfirmed", a."SecurityStamp", a."Timezone", a."TwoFactorEnabled", a."UserName"
FROM "AspNetUsers" AS a
WHERE a."NormalizedEmail" = @normalizedEmail
LIMIT 2
2026-06-04 03:57:26.139 -05:00 [WRN] [5016a5d9-7e70-46fa-a0a5-de7c452c9176] MindedConnections.Api.Services.Auth.AuthService Failed login attempt for 
2026-06-04 03:57:26.140 -05:00 [WRN] [5016a5d9-7e70-46fa-a0a5-de7c452c9176] Serilog.AspNetCore.RequestLoggingMiddleware HTTP POST /auth/login responded 401 in 1.9ms
2026-06-04 03:57:26.148 -05:00 [INF] [befa1787-7884-48e3-a137-63fbbd42276b] Microsoft.EntityFrameworkCore.Database.Command Executed DbCommand (1ms) [Parameters=[@incomingToken='?'], CommandType='"Text"', CommandTimeout='30']
SELECT r."Id", r.created_at, r.expires_at, r.revoked_at, r.token, r.user_id, a."Id", a."AccessFailedCount", a."ConcurrencyStamp", a."CreatedAt", a."Email", a."EmailConfirmed", a."FirstName", a."LastName", a."LockoutEnabled", a."LockoutEnd", a."NormalizedEmail", a."NormalizedUserName", a."PasswordHash", a."PhoneNumber", a."PhoneNumberConfirmed", a."SecurityStamp", a."Timezone", a."TwoFactorEnabled", a."UserName"
FROM refresh_tokens AS r
INNER JOIN "AspNetUsers" AS a ON r.user_id = a."Id"
WHERE r.token = @incomingToken
LIMIT 2
2026-06-04 03:57:26.150 -05:00 [INF] [befa1787-7884-48e3-a137-63fbbd42276b] Microsoft.EntityFrameworkCore.Database.Command Executed DbCommand (1ms) [Parameters=[@p1='?' (DbType = Int32), @p0='?' (DbType = DateTime), @p2='?' (DbType = DateTime), @p3='?' (DbType = DateTime), @p4='?' (DbType = DateTime), @p5='?', @p6='?'], CommandType='"Text"', CommandTimeout='30']
UPDATE refresh_tokens SET revoked_at = @p0
WHERE "Id" = @p1;
INSERT INTO refresh_tokens (created_at, expires_at, revoked_at, token, user_id)
VALUES (@p2, @p3, @p4, @p5, @p6)
RETURNING "Id";
2026-06-04 03:57:26.154 -05:00 [INF] [befa1787-7884-48e3-a137-63fbbd42276b] Microsoft.EntityFrameworkCore.Database.Command Executed DbCommand (1ms) [Parameters=[@userId='?'], CommandType='"Text"', CommandTimeout='30']
SELECT a0."Name"
FROM "AspNetUserRoles" AS a
INNER JOIN "AspNetRoles" AS a0 ON a."RoleId" = a0."Id"
WHERE a."UserId" = @userId
2026-06-04 03:57:26.154 -05:00 [DBG] [befa1787-7884-48e3-a137-63fbbd42276b] MindedConnections.Api.Services.Auth.AuthService Refresh token rotated for user 3db28be2-44cb-43fd-865c-ee1bcca66e1f
2026-06-04 03:57:26.155 -05:00 [INF] [befa1787-7884-48e3-a137-63fbbd42276b] Serilog.AspNetCore.RequestLoggingMiddleware HTTP POST /auth/refresh responded 200 in 7.7ms
2026-06-04 03:57:26.165 -05:00 [INF] [96b5a2c8-fa19-4cc5-a082-78bc3cb1d0ee] Microsoft.EntityFrameworkCore.Database.Command Executed DbCommand (1ms) [Parameters=[@normalizedEmail='?'], CommandType='"Text"', CommandTimeout='30']
SELECT a."Id", a."AccessFailedCount", a."ConcurrencyStamp", a."CreatedAt", a."Email", a."EmailConfirmed", a."FirstName", a."LastName", a."LockoutEnabled", a."LockoutEnd", a."NormalizedEmail", a."NormalizedUserName", a."PasswordHash", a."PhoneNumber", a."PhoneNumberConfirmed", a."SecurityStamp", a."Timezone", a."TwoFactorEnabled", a."UserName"
FROM "AspNetUsers" AS a
WHERE a."NormalizedEmail" = @normalizedEmail
LIMIT 2
2026-06-04 03:57:26.165 -05:00 [WRN] [96b5a2c8-fa19-4cc5-a082-78bc3cb1d0ee] MindedConnections.Api.Services.Auth.AuthService Failed login attempt for 
2026-06-04 03:57:26.165 -05:00 [WRN] [96b5a2c8-fa19-4cc5-a082-78bc3cb1d0ee] Serilog.AspNetCore.RequestLoggingMiddleware HTTP POST /auth/login responded 401 in 2.0ms
2026-06-04 03:57:26.462 -05:00 [INF] [ce59626c-9317-4a22-88d7-a6eb306070d1] Microsoft.EntityFrameworkCore.Database.Command Executed DbCommand (1ms) [Parameters=[@normalizedEmail='?'], CommandType='"Text"', CommandTimeout='30']
SELECT a."Id", a."AccessFailedCount", a."ConcurrencyStamp", a."CreatedAt", a."Email", a."EmailConfirmed", a."FirstName", a."LastName", a."LockoutEnabled", a."LockoutEnd", a."NormalizedEmail", a."NormalizedUserName", a."PasswordHash", a."PhoneNumber", a."PhoneNumberConfirmed", a."SecurityStamp", a."Timezone", a."TwoFactorEnabled", a."UserName"
FROM "AspNetUsers" AS a
WHERE a."NormalizedEmail" = @normalizedEmail
LIMIT 2
2026-06-04 03:57:26.462 -05:00 [WRN] [ce59626c-9317-4a22-88d7-a6eb306070d1] MindedConnections.Api.Services.Auth.AuthService Failed login attempt for 
2026-06-04 03:57:26.462 -05:00 [WRN] [ce59626c-9317-4a22-88d7-a6eb306070d1] Serilog.AspNetCore.RequestLoggingMiddleware HTTP POST /auth/login responded 401 in 1.9ms
2026-06-04 03:57:26.472 -05:00 [INF] [51f7d1f5-3c4c-4d04-a885-8496c72537ec] Microsoft.EntityFrameworkCore.Database.Command Executed DbCommand (1ms) [Parameters=[@incomingToken='?'], CommandType='"Text"', CommandTimeout='30']
SELECT r."Id", r.created_at, r.expires_at, r.revoked_at, r.token, r.user_id, a."Id", a."AccessFailedCount", a."ConcurrencyStamp", a."CreatedAt", a."Email", a."EmailConfirmed", a."FirstName", a."LastName", a."LockoutEnabled", a."LockoutEnd", a."NormalizedEmail", a."NormalizedUserName", a."PasswordHash", a."PhoneNumber", a."PhoneNumberConfirmed", a."SecurityStamp", a."Timezone", a."TwoFactorEnabled", a."UserName"
FROM refresh_tokens AS r
INNER JOIN "AspNetUsers" AS a ON r.user_id = a."Id"
WHERE r.token = @incomingToken
LIMIT 2
2026-06-04 03:57:26.473 -05:00 [INF] [51f7d1f5-3c4c-4d04-a885-8496c72537ec] Microsoft.EntityFrameworkCore.Database.Command Executed DbCommand (1ms) [Parameters=[@p1='?' (DbType = Int32), @p0='?' (DbType = DateTime), @p2='?' (DbType = DateTime), @p3='?' (DbType = DateTime), @p4='?' (DbType = DateTime), @p5='?', @p6='?'], CommandType='"Text"', CommandTimeout='30']
UPDATE refresh_tokens SET revoked_at = @p0
WHERE "Id" = @p1;
INSERT INTO refresh_tokens (created_at, expires_at, revoked_at, token, user_id)
VALUES (@p2, @p3, @p4, @p5, @p6)
RETURNING "Id";
2026-06-04 03:57:26.487 -05:00 [INF] [51f7d1f5-3c4c-4d04-a885-8496c72537ec] Microsoft.EntityFrameworkCore.Database.Command Executed DbCommand (1ms) [Parameters=[@userId='?'], CommandType='"Text"', CommandTimeout='30']
SELECT a0."Name"
FROM "AspNetUserRoles" AS a
INNER JOIN "AspNetRoles" AS a0 ON a."RoleId" = a0."Id"
WHERE a."UserId" = @userId
2026-06-04 03:57:26.487 -05:00 [DBG] [51f7d1f5-3c4c-4d04-a885-8496c72537ec] MindedConnections.Api.Services.Auth.AuthService Refresh token rotated for user 3db28be2-44cb-43fd-865c-ee1bcca66e1f
2026-06-04 03:57:26.487 -05:00 [INF] [51f7d1f5-3c4c-4d04-a885-8496c72537ec] Serilog.AspNetCore.RequestLoggingMiddleware HTTP POST /auth/refresh responded 200 in 17.7ms
2026-06-04 03:57:26.498 -05:00 [INF] [06c4c472-c915-4b5b-a22c-18ed5fd480d5] Microsoft.EntityFrameworkCore.Database.Command Executed DbCommand (1ms) [Parameters=[@normalizedEmail='?'], CommandType='"Text"', CommandTimeout='30']
SELECT a."Id", a."AccessFailedCount", a."ConcurrencyStamp", a."CreatedAt", a."Email", a."EmailConfirmed", a."FirstName", a."LastName", a."LockoutEnabled", a."LockoutEnd", a."NormalizedEmail", a."NormalizedUserName", a."PasswordHash", a."PhoneNumber", a."PhoneNumberConfirmed", a."SecurityStamp", a."Timezone", a."TwoFactorEnabled", a."UserName"
FROM "AspNetUsers" AS a
WHERE a."NormalizedEmail" = @normalizedEmail
LIMIT 2
2026-06-04 03:57:26.499 -05:00 [WRN] [06c4c472-c915-4b5b-a22c-18ed5fd480d5] MindedConnections.Api.Services.Auth.AuthService Failed login attempt for 
2026-06-04 03:57:26.499 -05:00 [WRN] [06c4c472-c915-4b5b-a22c-18ed5fd480d5] Serilog.AspNetCore.RequestLoggingMiddleware HTTP POST /auth/login responded 401 in 2.2ms
2026-06-04 03:57:27.072 -05:00 [INF] [b03a00bd-dcf0-48df-8842-84edd66a99d8] Microsoft.EntityFrameworkCore.Database.Command Executed DbCommand (1ms) [Parameters=[@normalizedEmail='?'], CommandType='"Text"', CommandTimeout='30']
SELECT a."Id", a."AccessFailedCount", a."ConcurrencyStamp", a."CreatedAt", a."Email", a."EmailConfirmed", a."FirstName", a."LastName", a."LockoutEnabled", a."LockoutEnd", a."NormalizedEmail", a."NormalizedUserName", a."PasswordHash", a."PhoneNumber", a."PhoneNumberConfirmed", a."SecurityStamp", a."Timezone", a."TwoFactorEnabled", a."UserName"
FROM "AspNetUsers" AS a
WHERE a."NormalizedEmail" = @normalizedEmail
LIMIT 2
2026-06-04 03:57:27.072 -05:00 [WRN] [b03a00bd-dcf0-48df-8842-84edd66a99d8] MindedConnections.Api.Services.Auth.AuthService Failed login attempt for 
2026-06-04 03:57:27.072 -05:00 [WRN] [b03a00bd-dcf0-48df-8842-84edd66a99d8] Serilog.AspNetCore.RequestLoggingMiddleware HTTP POST /auth/login responded 401 in 2.2ms
2026-06-04 03:57:27.081 -05:00 [INF] [6b9696a3-7772-4417-b77f-07db5430dd2e] Microsoft.EntityFrameworkCore.Database.Command Executed DbCommand (1ms) [Parameters=[@incomingToken='?'], CommandType='"Text"', CommandTimeout='30']
SELECT r."Id", r.created_at, r.expires_at, r.revoked_at, r.token, r.user_id, a."Id", a."AccessFailedCount", a."ConcurrencyStamp", a."CreatedAt", a."Email", a."EmailConfirmed", a."FirstName", a."LastName", a."LockoutEnabled", a."LockoutEnd", a."NormalizedEmail", a."NormalizedUserName", a."PasswordHash", a."PhoneNumber", a."PhoneNumberConfirmed", a."SecurityStamp", a."Timezone", a."TwoFactorEnabled", a."UserName"
FROM refresh_tokens AS r
INNER JOIN "AspNetUsers" AS a ON r.user_id = a."Id"
WHERE r.token = @incomingToken
LIMIT 2
2026-06-04 03:57:27.083 -05:00 [INF] [6b9696a3-7772-4417-b77f-07db5430dd2e] Microsoft.EntityFrameworkCore.Database.Command Executed DbCommand (1ms) [Parameters=[@p1='?' (DbType = Int32), @p0='?' (DbType = DateTime), @p2='?' (DbType = DateTime), @p3='?' (DbType = DateTime), @p4='?' (DbType = DateTime), @p5='?', @p6='?'], CommandType='"Text"', CommandTimeout='30']
UPDATE refresh_tokens SET revoked_at = @p0
WHERE "Id" = @p1;
INSERT INTO refresh_tokens (created_at, expires_at, revoked_at, token, user_id)
VALUES (@p2, @p3, @p4, @p5, @p6)
RETURNING "Id";
2026-06-04 03:57:27.089 -05:00 [INF] [6b9696a3-7772-4417-b77f-07db5430dd2e] Microsoft.EntityFrameworkCore.Database.Command Executed DbCommand (1ms) [Parameters=[@userId='?'], CommandType='"Text"', CommandTimeout='30']
SELECT a0."Name"
FROM "AspNetUserRoles" AS a
INNER JOIN "AspNetRoles" AS a0 ON a."RoleId" = a0."Id"
WHERE a."UserId" = @userId
2026-06-04 03:57:27.089 -05:00 [DBG] [6b9696a3-7772-4417-b77f-07db5430dd2e] MindedConnections.Api.Services.Auth.AuthService Refresh token rotated for user 3db28be2-44cb-43fd-865c-ee1bcca66e1f
2026-06-04 03:57:27.089 -05:00 [INF] [6b9696a3-7772-4417-b77f-07db5430dd2e] Serilog.AspNetCore.RequestLoggingMiddleware HTTP POST /auth/refresh responded 200 in 9.3ms
2026-06-04 03:57:27.099 -05:00 [INF] [0d13294d-80dd-4ef7-842d-b0f6c4e6c5d5] Microsoft.EntityFrameworkCore.Database.Command Executed DbCommand (1ms) [Parameters=[@normalizedEmail='?'], CommandType='"Text"', CommandTimeout='30']
SELECT a."Id", a."AccessFailedCount", a."ConcurrencyStamp", a."CreatedAt", a."Email", a."EmailConfirmed", a."FirstName", a."LastName", a."LockoutEnabled", a."LockoutEnd", a."NormalizedEmail", a."NormalizedUserName", a."PasswordHash", a."PhoneNumber", a."PhoneNumberConfirmed", a."SecurityStamp", a."Timezone", a."TwoFactorEnabled", a."UserName"
FROM "AspNetUsers" AS a
WHERE a."NormalizedEmail" = @normalizedEmail
LIMIT 2
2026-06-04 03:57:27.100 -05:00 [WRN] [0d13294d-80dd-4ef7-842d-b0f6c4e6c5d5] MindedConnections.Api.Services.Auth.AuthService Failed login attempt for 
2026-06-04 03:57:27.100 -05:00 [WRN] [0d13294d-80dd-4ef7-842d-b0f6c4e6c5d5] Serilog.AspNetCore.RequestLoggingMiddleware HTTP POST /auth/login responded 401 in 2.1ms
2026-06-04 03:57:27.523 -05:00 [INF] [10bb9fc5-28dd-459f-a996-6e5580dcb0c0] Microsoft.EntityFrameworkCore.Database.Command Executed DbCommand (1ms) [Parameters=[@normalizedEmail='?'], CommandType='"Text"', CommandTimeout='30']
SELECT a."Id", a."AccessFailedCount", a."ConcurrencyStamp", a."CreatedAt", a."Email", a."EmailConfirmed", a."FirstName", a."LastName", a."LockoutEnabled", a."LockoutEnd", a."NormalizedEmail", a."NormalizedUserName", a."PasswordHash", a."PhoneNumber", a."PhoneNumberConfirmed", a."SecurityStamp", a."Timezone", a."TwoFactorEnabled", a."UserName"
FROM "AspNetUsers" AS a
WHERE a."NormalizedEmail" = @normalizedEmail
LIMIT 2
2026-06-04 03:57:27.523 -05:00 [WRN] [10bb9fc5-28dd-459f-a996-6e5580dcb0c0] MindedConnections.Api.Services.Auth.AuthService Failed login attempt for 
2026-06-04 03:57:27.523 -05:00 [WRN] [10bb9fc5-28dd-459f-a996-6e5580dcb0c0] Serilog.AspNetCore.RequestLoggingMiddleware HTTP POST /auth/login responded 401 in 1.9ms
2026-06-04 03:57:27.565 -05:00 [INF] [9ae69b13-eaf1-45a5-953a-6a4daaea104c] Microsoft.EntityFrameworkCore.Database.Command Executed DbCommand (2ms) [Parameters=[@incomingToken='?'], CommandType='"Text"', CommandTimeout='30']
SELECT r."Id", r.created_at, r.expires_at, r.revoked_at, r.token, r.user_id, a."Id", a."AccessFailedCount", a."ConcurrencyStamp", a."CreatedAt", a."Email", a."EmailConfirmed", a."FirstName", a."LastName", a."LockoutEnabled", a."LockoutEnd", a."NormalizedEmail", a."NormalizedUserName", a."PasswordHash", a."PhoneNumber", a."PhoneNumberConfirmed", a."SecurityStamp", a."Timezone", a."TwoFactorEnabled", a."UserName"
FROM refresh_tokens AS r
INNER JOIN "AspNetUsers" AS a ON r.user_id = a."Id"
WHERE r.token = @incomingToken
LIMIT 2
2026-06-04 03:57:27.575 -05:00 [INF] [9ae69b13-eaf1-45a5-953a-6a4daaea104c] Microsoft.EntityFrameworkCore.Database.Command Executed DbCommand (2ms) [Parameters=[@p1='?' (DbType = Int32), @p0='?' (DbType = DateTime), @p2='?' (DbType = DateTime), @p3='?' (DbType = DateTime), @p4='?' (DbType = DateTime), @p5='?', @p6='?'], CommandType='"Text"', CommandTimeout='30']
UPDATE refresh_tokens SET revoked_at = @p0
WHERE "Id" = @p1;
INSERT INTO refresh_tokens (created_at, expires_at, revoked_at, token, user_id)
VALUES (@p2, @p3, @p4, @p5, @p6)
RETURNING "Id";
2026-06-04 03:57:27.585 -05:00 [INF] [9ae69b13-eaf1-45a5-953a-6a4daaea104c] Microsoft.EntityFrameworkCore.Database.Command Executed DbCommand (1ms) [Parameters=[@userId='?'], CommandType='"Text"', CommandTimeout='30']
SELECT a0."Name"
FROM "AspNetUserRoles" AS a
INNER JOIN "AspNetRoles" AS a0 ON a."RoleId" = a0."Id"
WHERE a."UserId" = @userId
2026-06-04 03:57:27.592 -05:00 [DBG] [9ae69b13-eaf1-45a5-953a-6a4daaea104c] MindedConnections.Api.Services.Auth.AuthService Refresh token rotated for user 3db28be2-44cb-43fd-865c-ee1bcca66e1f
2026-06-04 03:57:27.600 -05:00 [INF] [9ae69b13-eaf1-45a5-953a-6a4daaea104c] Serilog.AspNetCore.RequestLoggingMiddleware HTTP POST /auth/refresh responded 200 in 38.7ms
2026-06-04 03:57:27.618 -05:00 [INF] [ced54bc8-27e6-4764-bf77-6b893255c7e1] Microsoft.EntityFrameworkCore.Database.Command Executed DbCommand (1ms) [Parameters=[@normalizedEmail='?'], CommandType='"Text"', CommandTimeout='30']
SELECT a."Id", a."AccessFailedCount", a."ConcurrencyStamp", a."CreatedAt", a."Email", a."EmailConfirmed", a."FirstName", a."LastName", a."LockoutEnabled", a."LockoutEnd", a."NormalizedEmail", a."NormalizedUserName", a."PasswordHash", a."PhoneNumber", a."PhoneNumberConfirmed", a."SecurityStamp", a."Timezone", a."TwoFactorEnabled", a."UserName"
FROM "AspNetUsers" AS a
WHERE a."NormalizedEmail" = @normalizedEmail
LIMIT 2
2026-06-04 03:57:27.620 -05:00 [WRN] [ced54bc8-27e6-4764-bf77-6b893255c7e1] MindedConnections.Api.Services.Auth.AuthService Failed login attempt for 
2026-06-04 03:57:27.620 -05:00 [WRN] [ced54bc8-27e6-4764-bf77-6b893255c7e1] Serilog.AspNetCore.RequestLoggingMiddleware HTTP POST /auth/login responded 401 in 4.8ms
2026-06-04 03:57:28.243 -05:00 [INF] [f3f06349-e48c-40a0-9410-8086acf1c5c9] Microsoft.EntityFrameworkCore.Database.Command Executed DbCommand (1ms) [Parameters=[@normalizedEmail='?'], CommandType='"Text"', CommandTimeout='30']
SELECT a."Id", a."AccessFailedCount", a."ConcurrencyStamp", a."CreatedAt", a."Email", a."EmailConfirmed", a."FirstName", a."LastName", a."LockoutEnabled", a."LockoutEnd", a."NormalizedEmail", a."NormalizedUserName", a."PasswordHash", a."PhoneNumber", a."PhoneNumberConfirmed", a."SecurityStamp", a."Timezone", a."TwoFactorEnabled", a."UserName"
FROM "AspNetUsers" AS a
WHERE a."NormalizedEmail" = @normalizedEmail
LIMIT 2
2026-06-04 03:57:28.243 -05:00 [WRN] [f3f06349-e48c-40a0-9410-8086acf1c5c9] MindedConnections.Api.Services.Auth.AuthService Failed login attempt for 
2026-06-04 03:57:28.244 -05:00 [WRN] [f3f06349-e48c-40a0-9410-8086acf1c5c9] Serilog.AspNetCore.RequestLoggingMiddleware HTTP POST /auth/login responded 401 in 1.9ms
2026-06-04 03:57:28.263 -05:00 [INF] [288e5f72-b0d0-41b4-afb7-bac753bcb522] Microsoft.EntityFrameworkCore.Database.Command Executed DbCommand (1ms) [Parameters=[@incomingToken='?'], CommandType='"Text"', CommandTimeout='30']
SELECT r."Id", r.created_at, r.expires_at, r.revoked_at, r.token, r.user_id, a."Id", a."AccessFailedCount", a."ConcurrencyStamp", a."CreatedAt", a."Email", a."EmailConfirmed", a."FirstName", a."LastName", a."LockoutEnabled", a."LockoutEnd", a."NormalizedEmail", a."NormalizedUserName", a."PasswordHash", a."PhoneNumber", a."PhoneNumberConfirmed", a."SecurityStamp", a."Timezone", a."TwoFactorEnabled", a."UserName"
FROM refresh_tokens AS r
INNER JOIN "AspNetUsers" AS a ON r.user_id = a."Id"
WHERE r.token = @incomingToken
LIMIT 2
2026-06-04 03:57:28.265 -05:00 [INF] [288e5f72-b0d0-41b4-afb7-bac753bcb522] Microsoft.EntityFrameworkCore.Database.Command Executed DbCommand (1ms) [Parameters=[@p1='?' (DbType = Int32), @p0='?' (DbType = DateTime), @p2='?' (DbType = DateTime), @p3='?' (DbType = DateTime), @p4='?' (DbType = DateTime), @p5='?', @p6='?'], CommandType='"Text"', CommandTimeout='30']
UPDATE refresh_tokens SET revoked_at = @p0
WHERE "Id" = @p1;
INSERT INTO refresh_tokens (created_at, expires_at, revoked_at, token, user_id)
VALUES (@p2, @p3, @p4, @p5, @p6)
RETURNING "Id";
2026-06-04 03:57:28.280 -05:00 [INF] [288e5f72-b0d0-41b4-afb7-bac753bcb522] Microsoft.EntityFrameworkCore.Database.Command Executed DbCommand (2ms) [Parameters=[@userId='?'], CommandType='"Text"', CommandTimeout='30']
SELECT a0."Name"
FROM "AspNetUserRoles" AS a
INNER JOIN "AspNetRoles" AS a0 ON a."RoleId" = a0."Id"
WHERE a."UserId" = @userId
2026-06-04 03:57:28.281 -05:00 [DBG] [288e5f72-b0d0-41b4-afb7-bac753bcb522] MindedConnections.Api.Services.Auth.AuthService Refresh token rotated for user 3db28be2-44cb-43fd-865c-ee1bcca66e1f
2026-06-04 03:57:28.281 -05:00 [INF] [288e5f72-b0d0-41b4-afb7-bac753bcb522] Serilog.AspNetCore.RequestLoggingMiddleware HTTP POST /auth/refresh responded 200 in 20.7ms
2026-06-04 03:57:28.300 -05:00 [INF] [4768d953-c47e-4c69-a94b-71259269113b] Microsoft.EntityFrameworkCore.Database.Command Executed DbCommand (1ms) [Parameters=[@normalizedEmail='?'], CommandType='"Text"', CommandTimeout='30']
SELECT a."Id", a."AccessFailedCount", a."ConcurrencyStamp", a."CreatedAt", a."Email", a."EmailConfirmed", a."FirstName", a."LastName", a."LockoutEnabled", a."LockoutEnd", a."NormalizedEmail", a."NormalizedUserName", a."PasswordHash", a."PhoneNumber", a."PhoneNumberConfirmed", a."SecurityStamp", a."Timezone", a."TwoFactorEnabled", a."UserName"
FROM "AspNetUsers" AS a
WHERE a."NormalizedEmail" = @normalizedEmail
LIMIT 2
2026-06-04 03:57:28.300 -05:00 [WRN] [4768d953-c47e-4c69-a94b-71259269113b] MindedConnections.Api.Services.Auth.AuthService Failed login attempt for 
2026-06-04 03:57:28.300 -05:00 [WRN] [4768d953-c47e-4c69-a94b-71259269113b] Serilog.AspNetCore.RequestLoggingMiddleware HTTP POST /auth/login responded 401 in 2.0ms
2026-06-04 03:57:40.346 -05:00 [INF] [e4110d32-2fd5-443e-b475-03239e48e46f] Microsoft.EntityFrameworkCore.Database.Command Executed DbCommand (1ms) [Parameters=[@normalizedEmail='?'], CommandType='"Text"', CommandTimeout='30']
SELECT a."Id", a."AccessFailedCount", a."ConcurrencyStamp", a."CreatedAt", a."Email", a."EmailConfirmed", a."FirstName", a."LastName", a."LockoutEnabled", a."LockoutEnd", a."NormalizedEmail", a."NormalizedUserName", a."PasswordHash", a."PhoneNumber", a."PhoneNumberConfirmed", a."SecurityStamp", a."Timezone", a."TwoFactorEnabled", a."UserName"
FROM "AspNetUsers" AS a
WHERE a."NormalizedEmail" = @normalizedEmail
LIMIT 2
2026-06-04 03:57:40.346 -05:00 [WRN] [e4110d32-2fd5-443e-b475-03239e48e46f] MindedConnections.Api.Services.Auth.AuthService Failed login attempt for 
2026-06-04 03:57:40.347 -05:00 [WRN] [e4110d32-2fd5-443e-b475-03239e48e46f] Serilog.AspNetCore.RequestLoggingMiddleware HTTP POST /auth/login responded 401 in 1.7ms
2026-06-04 03:57:40.376 -05:00 [INF] [9ad0149b-2dff-4379-b4e6-46127ac4563b] Microsoft.EntityFrameworkCore.Database.Command Executed DbCommand (1ms) [Parameters=[@incomingToken='?'], CommandType='"Text"', CommandTimeout='30']
SELECT r."Id", r.created_at, r.expires_at, r.revoked_at, r.token, r.user_id, a."Id", a."AccessFailedCount", a."ConcurrencyStamp", a."CreatedAt", a."Email", a."EmailConfirmed", a."FirstName", a."LastName", a."LockoutEnabled", a."LockoutEnd", a."NormalizedEmail", a."NormalizedUserName", a."PasswordHash", a."PhoneNumber", a."PhoneNumberConfirmed", a."SecurityStamp", a."Timezone", a."TwoFactorEnabled", a."UserName"
FROM refresh_tokens AS r
INNER JOIN "AspNetUsers" AS a ON r.user_id = a."Id"
WHERE r.token = @incomingToken
LIMIT 2
2026-06-04 03:57:40.378 -05:00 [INF] [9ad0149b-2dff-4379-b4e6-46127ac4563b] Microsoft.EntityFrameworkCore.Database.Command Executed DbCommand (1ms) [Parameters=[@p1='?' (DbType = Int32), @p0='?' (DbType = DateTime), @p2='?' (DbType = DateTime), @p3='?' (DbType = DateTime), @p4='?' (DbType = DateTime), @p5='?', @p6='?'], CommandType='"Text"', CommandTimeout='30']
UPDATE refresh_tokens SET revoked_at = @p0
WHERE "Id" = @p1;
INSERT INTO refresh_tokens (created_at, expires_at, revoked_at, token, user_id)
VALUES (@p2, @p3, @p4, @p5, @p6)
RETURNING "Id";
2026-06-04 03:57:40.382 -05:00 [INF] [9ad0149b-2dff-4379-b4e6-46127ac4563b] Microsoft.EntityFrameworkCore.Database.Command Executed DbCommand (1ms) [Parameters=[@userId='?'], CommandType='"Text"', CommandTimeout='30']
SELECT a0."Name"
FROM "AspNetUserRoles" AS a
INNER JOIN "AspNetRoles" AS a0 ON a."RoleId" = a0."Id"
WHERE a."UserId" = @userId
2026-06-04 03:57:40.382 -05:00 [DBG] [9ad0149b-2dff-4379-b4e6-46127ac4563b] MindedConnections.Api.Services.Auth.AuthService Refresh token rotated for user 3db28be2-44cb-43fd-865c-ee1bcca66e1f
2026-06-04 03:57:40.382 -05:00 [INF] [9ad0149b-2dff-4379-b4e6-46127ac4563b] Serilog.AspNetCore.RequestLoggingMiddleware HTTP POST /auth/refresh responded 200 in 7.5ms
2026-06-04 03:57:40.395 -05:00 [INF] [d83be9d1-1f02-4fc6-afb9-6122ae2401bb] Microsoft.EntityFrameworkCore.Database.Command Executed DbCommand (1ms) [Parameters=[@normalizedEmail='?'], CommandType='"Text"', CommandTimeout='30']
SELECT a."Id", a."AccessFailedCount", a."ConcurrencyStamp", a."CreatedAt", a."Email", a."EmailConfirmed", a."FirstName", a."LastName", a."LockoutEnabled", a."LockoutEnd", a."NormalizedEmail", a."NormalizedUserName", a."PasswordHash", a."PhoneNumber", a."PhoneNumberConfirmed", a."SecurityStamp", a."Timezone", a."TwoFactorEnabled", a."UserName"
FROM "AspNetUsers" AS a
WHERE a."NormalizedEmail" = @normalizedEmail
LIMIT 2
2026-06-04 03:57:40.395 -05:00 [WRN] [d83be9d1-1f02-4fc6-afb9-6122ae2401bb] MindedConnections.Api.Services.Auth.AuthService Failed login attempt for 
2026-06-04 03:57:40.395 -05:00 [WRN] [d83be9d1-1f02-4fc6-afb9-6122ae2401bb] Serilog.AspNetCore.RequestLoggingMiddleware HTTP POST /auth/login responded 401 in 1.9ms
2026-06-04 03:57:40.787 -05:00 [INF] [a81f3d43-0622-42b3-b5d1-a20523b7fbdf] Microsoft.EntityFrameworkCore.Database.Command Executed DbCommand (1ms) [Parameters=[@normalizedEmail='?'], CommandType='"Text"', CommandTimeout='30']
SELECT a."Id", a."AccessFailedCount", a."ConcurrencyStamp", a."CreatedAt", a."Email", a."EmailConfirmed", a."FirstName", a."LastName", a."LockoutEnabled", a."LockoutEnd", a."NormalizedEmail", a."NormalizedUserName", a."PasswordHash", a."PhoneNumber", a."PhoneNumberConfirmed", a."SecurityStamp", a."Timezone", a."TwoFactorEnabled", a."UserName"
FROM "AspNetUsers" AS a
WHERE a."NormalizedEmail" = @normalizedEmail
LIMIT 2
2026-06-04 03:57:40.787 -05:00 [WRN] [a81f3d43-0622-42b3-b5d1-a20523b7fbdf] MindedConnections.Api.Services.Auth.AuthService Failed login attempt for 
2026-06-04 03:57:40.787 -05:00 [WRN] [a81f3d43-0622-42b3-b5d1-a20523b7fbdf] Serilog.AspNetCore.RequestLoggingMiddleware HTTP POST /auth/login responded 401 in 1.8ms
2026-06-04 03:57:40.797 -05:00 [INF] [55be94a1-0485-4fa8-941e-c1308effd82f] Microsoft.EntityFrameworkCore.Database.Command Executed DbCommand (1ms) [Parameters=[@incomingToken='?'], CommandType='"Text"', CommandTimeout='30']
SELECT r."Id", r.created_at, r.expires_at, r.revoked_at, r.token, r.user_id, a."Id", a."AccessFailedCount", a."ConcurrencyStamp", a."CreatedAt", a."Email", a."EmailConfirmed", a."FirstName", a."LastName", a."LockoutEnabled", a."LockoutEnd", a."NormalizedEmail", a."NormalizedUserName", a."PasswordHash", a."PhoneNumber", a."PhoneNumberConfirmed", a."SecurityStamp", a."Timezone", a."TwoFactorEnabled", a."UserName"
FROM refresh_tokens AS r
INNER JOIN "AspNetUsers" AS a ON r.user_id = a."Id"
WHERE r.token = @incomingToken
LIMIT 2
2026-06-04 03:57:40.799 -05:00 [INF] [55be94a1-0485-4fa8-941e-c1308effd82f] Microsoft.EntityFrameworkCore.Database.Command Executed DbCommand (1ms) [Parameters=[@p1='?' (DbType = Int32), @p0='?' (DbType = DateTime), @p2='?' (DbType = DateTime), @p3='?' (DbType = DateTime), @p4='?' (DbType = DateTime), @p5='?', @p6='?'], CommandType='"Text"', CommandTimeout='30']
UPDATE refresh_tokens SET revoked_at = @p0
WHERE "Id" = @p1;
INSERT INTO refresh_tokens (created_at, expires_at, revoked_at, token, user_id)
VALUES (@p2, @p3, @p4, @p5, @p6)
RETURNING "Id";
2026-06-04 03:57:40.804 -05:00 [INF] [55be94a1-0485-4fa8-941e-c1308effd82f] Microsoft.EntityFrameworkCore.Database.Command Executed DbCommand (1ms) [Parameters=[@userId='?'], CommandType='"Text"', CommandTimeout='30']
SELECT a0."Name"
FROM "AspNetUserRoles" AS a
INNER JOIN "AspNetRoles" AS a0 ON a."RoleId" = a0."Id"
WHERE a."UserId" = @userId
2026-06-04 03:57:40.805 -05:00 [DBG] [55be94a1-0485-4fa8-941e-c1308effd82f] MindedConnections.Api.Services.Auth.AuthService Refresh token rotated for user 3db28be2-44cb-43fd-865c-ee1bcca66e1f
2026-06-04 03:57:40.805 -05:00 [INF] [55be94a1-0485-4fa8-941e-c1308effd82f] Serilog.AspNetCore.RequestLoggingMiddleware HTTP POST /auth/refresh responded 200 in 9.8ms
2026-06-04 03:57:40.817 -05:00 [INF] [7b387afc-c25a-43c3-b122-fa3bc2028d0f] Microsoft.EntityFrameworkCore.Database.Command Executed DbCommand (1ms) [Parameters=[@normalizedEmail='?'], CommandType='"Text"', CommandTimeout='30']
SELECT a."Id", a."AccessFailedCount", a."ConcurrencyStamp", a."CreatedAt", a."Email", a."EmailConfirmed", a."FirstName", a."LastName", a."LockoutEnabled", a."LockoutEnd", a."NormalizedEmail", a."NormalizedUserName", a."PasswordHash", a."PhoneNumber", a."PhoneNumberConfirmed", a."SecurityStamp", a."Timezone", a."TwoFactorEnabled", a."UserName"
FROM "AspNetUsers" AS a
WHERE a."NormalizedEmail" = @normalizedEmail
LIMIT 2
2026-06-04 03:57:40.817 -05:00 [WRN] [7b387afc-c25a-43c3-b122-fa3bc2028d0f] MindedConnections.Api.Services.Auth.AuthService Failed login attempt for 
2026-06-04 03:57:40.817 -05:00 [WRN] [7b387afc-c25a-43c3-b122-fa3bc2028d0f] Serilog.AspNetCore.RequestLoggingMiddleware HTTP POST /auth/login responded 401 in 2.0ms
2026-06-04 03:57:41.133 -05:00 [INF] [c3ebf8b5-e7cc-4aef-bacd-13af171f2fb1] Microsoft.EntityFrameworkCore.Database.Command Executed DbCommand (1ms) [Parameters=[@normalizedEmail='?'], CommandType='"Text"', CommandTimeout='30']
SELECT a."Id", a."AccessFailedCount", a."ConcurrencyStamp", a."CreatedAt", a."Email", a."EmailConfirmed", a."FirstName", a."LastName", a."LockoutEnabled", a."LockoutEnd", a."NormalizedEmail", a."NormalizedUserName", a."PasswordHash", a."PhoneNumber", a."PhoneNumberConfirmed", a."SecurityStamp", a."Timezone", a."TwoFactorEnabled", a."UserName"
FROM "AspNetUsers" AS a
WHERE a."NormalizedEmail" = @normalizedEmail
LIMIT 2
2026-06-04 03:57:41.134 -05:00 [WRN] [c3ebf8b5-e7cc-4aef-bacd-13af171f2fb1] MindedConnections.Api.Services.Auth.AuthService Failed login attempt for 
2026-06-04 03:57:41.134 -05:00 [WRN] [c3ebf8b5-e7cc-4aef-bacd-13af171f2fb1] Serilog.AspNetCore.RequestLoggingMiddleware HTTP POST /auth/login responded 401 in 1.9ms
2026-06-04 03:57:41.143 -05:00 [INF] [9f112033-e30d-4970-a90c-104699ee816e] Microsoft.EntityFrameworkCore.Database.Command Executed DbCommand (1ms) [Parameters=[@incomingToken='?'], CommandType='"Text"', CommandTimeout='30']
SELECT r."Id", r.created_at, r.expires_at, r.revoked_at, r.token, r.user_id, a."Id", a."AccessFailedCount", a."ConcurrencyStamp", a."CreatedAt", a."Email", a."EmailConfirmed", a."FirstName", a."LastName", a."LockoutEnabled", a."LockoutEnd", a."NormalizedEmail", a."NormalizedUserName", a."PasswordHash", a."PhoneNumber", a."PhoneNumberConfirmed", a."SecurityStamp", a."Timezone", a."TwoFactorEnabled", a."UserName"
FROM refresh_tokens AS r
INNER JOIN "AspNetUsers" AS a ON r.user_id = a."Id"
WHERE r.token = @incomingToken
LIMIT 2
2026-06-04 03:57:41.146 -05:00 [INF] [9f112033-e30d-4970-a90c-104699ee816e] Microsoft.EntityFrameworkCore.Database.Command Executed DbCommand (1ms) [Parameters=[@p1='?' (DbType = Int32), @p0='?' (DbType = DateTime), @p2='?' (DbType = DateTime), @p3='?' (DbType = DateTime), @p4='?' (DbType = DateTime), @p5='?', @p6='?'], CommandType='"Text"', CommandTimeout='30']
UPDATE refresh_tokens SET revoked_at = @p0
WHERE "Id" = @p1;
INSERT INTO refresh_tokens (created_at, expires_at, revoked_at, token, user_id)
VALUES (@p2, @p3, @p4, @p5, @p6)
RETURNING "Id";
2026-06-04 03:57:41.151 -05:00 [INF] [9f112033-e30d-4970-a90c-104699ee816e] Microsoft.EntityFrameworkCore.Database.Command Executed DbCommand (1ms) [Parameters=[@userId='?'], CommandType='"Text"', CommandTimeout='30']
SELECT a0."Name"
FROM "AspNetUserRoles" AS a
INNER JOIN "AspNetRoles" AS a0 ON a."RoleId" = a0."Id"
WHERE a."UserId" = @userId
2026-06-04 03:57:41.152 -05:00 [DBG] [9f112033-e30d-4970-a90c-104699ee816e] MindedConnections.Api.Services.Auth.AuthService Refresh token rotated for user 3db28be2-44cb-43fd-865c-ee1bcca66e1f
2026-06-04 03:57:41.152 -05:00 [INF] [9f112033-e30d-4970-a90c-104699ee816e] Serilog.AspNetCore.RequestLoggingMiddleware HTTP POST /auth/refresh responded 200 in 10.5ms
2026-06-04 03:57:41.164 -05:00 [INF] [ebcd417b-9995-48df-a711-fb1b3dd11c42] Microsoft.EntityFrameworkCore.Database.Command Executed DbCommand (1ms) [Parameters=[@normalizedEmail='?'], CommandType='"Text"', CommandTimeout='30']
SELECT a."Id", a."AccessFailedCount", a."ConcurrencyStamp", a."CreatedAt", a."Email", a."EmailConfirmed", a."FirstName", a."LastName", a."LockoutEnabled", a."LockoutEnd", a."NormalizedEmail", a."NormalizedUserName", a."PasswordHash", a."PhoneNumber", a."PhoneNumberConfirmed", a."SecurityStamp", a."Timezone", a."TwoFactorEnabled", a."UserName"
FROM "AspNetUsers" AS a
WHERE a."NormalizedEmail" = @normalizedEmail
LIMIT 2
2026-06-04 03:57:41.165 -05:00 [WRN] [ebcd417b-9995-48df-a711-fb1b3dd11c42] MindedConnections.Api.Services.Auth.AuthService Failed login attempt for 
2026-06-04 03:57:41.165 -05:00 [WRN] [ebcd417b-9995-48df-a711-fb1b3dd11c42] Serilog.AspNetCore.RequestLoggingMiddleware HTTP POST /auth/login responded 401 in 2.2ms
2026-06-04 03:57:41.408 -05:00 [INF] [bfcc008a-0665-4d08-9d0b-34089a5bcfa2] Microsoft.EntityFrameworkCore.Database.Command Executed DbCommand (8ms) [Parameters=[@normalizedEmail='?'], CommandType='"Text"', CommandTimeout='30']
SELECT a."Id", a."AccessFailedCount", a."ConcurrencyStamp", a."CreatedAt", a."Email", a."EmailConfirmed", a."FirstName", a."LastName", a."LockoutEnabled", a."LockoutEnd", a."NormalizedEmail", a."NormalizedUserName", a."PasswordHash", a."PhoneNumber", a."PhoneNumberConfirmed", a."SecurityStamp", a."Timezone", a."TwoFactorEnabled", a."UserName"
FROM "AspNetUsers" AS a
WHERE a."NormalizedEmail" = @normalizedEmail
LIMIT 2
2026-06-04 03:57:41.412 -05:00 [WRN] [bfcc008a-0665-4d08-9d0b-34089a5bcfa2] MindedConnections.Api.Services.Auth.AuthService Failed login attempt for 
2026-06-04 03:57:41.413 -05:00 [WRN] [bfcc008a-0665-4d08-9d0b-34089a5bcfa2] Serilog.AspNetCore.RequestLoggingMiddleware HTTP POST /auth/login responded 401 in 12.5ms
2026-06-04 03:57:41.427 -05:00 [INF] [133e3827-1f61-460c-a2be-0341bd2d43eb] Microsoft.EntityFrameworkCore.Database.Command Executed DbCommand (2ms) [Parameters=[@incomingToken='?'], CommandType='"Text"', CommandTimeout='30']
SELECT r."Id", r.created_at, r.expires_at, r.revoked_at, r.token, r.user_id, a."Id", a."AccessFailedCount", a."ConcurrencyStamp", a."CreatedAt", a."Email", a."EmailConfirmed", a."FirstName", a."LastName", a."LockoutEnabled", a."LockoutEnd", a."NormalizedEmail", a."NormalizedUserName", a."PasswordHash", a."PhoneNumber", a."PhoneNumberConfirmed", a."SecurityStamp", a."Timezone", a."TwoFactorEnabled", a."UserName"
FROM refresh_tokens AS r
INNER JOIN "AspNetUsers" AS a ON r.user_id = a."Id"
WHERE r.token = @incomingToken
LIMIT 2
2026-06-04 03:57:41.430 -05:00 [INF] [133e3827-1f61-460c-a2be-0341bd2d43eb] Microsoft.EntityFrameworkCore.Database.Command Executed DbCommand (1ms) [Parameters=[@p1='?' (DbType = Int32), @p0='?' (DbType = DateTime), @p2='?' (DbType = DateTime), @p3='?' (DbType = DateTime), @p4='?' (DbType = DateTime), @p5='?', @p6='?'], CommandType='"Text"', CommandTimeout='30']
UPDATE refresh_tokens SET revoked_at = @p0
WHERE "Id" = @p1;
INSERT INTO refresh_tokens (created_at, expires_at, revoked_at, token, user_id)
VALUES (@p2, @p3, @p4, @p5, @p6)
RETURNING "Id";
2026-06-04 03:57:41.436 -05:00 [INF] [133e3827-1f61-460c-a2be-0341bd2d43eb] Microsoft.EntityFrameworkCore.Database.Command Executed DbCommand (1ms) [Parameters=[@userId='?'], CommandType='"Text"', CommandTimeout='30']
SELECT a0."Name"
FROM "AspNetUserRoles" AS a
INNER JOIN "AspNetRoles" AS a0 ON a."RoleId" = a0."Id"
WHERE a."UserId" = @userId
2026-06-04 03:57:41.437 -05:00 [DBG] [133e3827-1f61-460c-a2be-0341bd2d43eb] MindedConnections.Api.Services.Auth.AuthService Refresh token rotated for user 3db28be2-44cb-43fd-865c-ee1bcca66e1f
2026-06-04 03:57:41.437 -05:00 [INF] [133e3827-1f61-460c-a2be-0341bd2d43eb] Serilog.AspNetCore.RequestLoggingMiddleware HTTP POST /auth/refresh responded 200 in 12.6ms
2026-06-04 03:57:41.451 -05:00 [INF] [267c9a3f-88e2-4739-971a-b7d2b8fd208e] Microsoft.EntityFrameworkCore.Database.Command Executed DbCommand (1ms) [Parameters=[@normalizedEmail='?'], CommandType='"Text"', CommandTimeout='30']
SELECT a."Id", a."AccessFailedCount", a."ConcurrencyStamp", a."CreatedAt", a."Email", a."EmailConfirmed", a."FirstName", a."LastName", a."LockoutEnabled", a."LockoutEnd", a."NormalizedEmail", a."NormalizedUserName", a."PasswordHash", a."PhoneNumber", a."PhoneNumberConfirmed", a."SecurityStamp", a."Timezone", a."TwoFactorEnabled", a."UserName"
FROM "AspNetUsers" AS a
WHERE a."NormalizedEmail" = @normalizedEmail
LIMIT 2
2026-06-04 03:57:41.452 -05:00 [WRN] [267c9a3f-88e2-4739-971a-b7d2b8fd208e] MindedConnections.Api.Services.Auth.AuthService Failed login attempt for 
2026-06-04 03:57:41.452 -05:00 [WRN] [267c9a3f-88e2-4739-971a-b7d2b8fd208e] Serilog.AspNetCore.RequestLoggingMiddleware HTTP POST /auth/login responded 401 in 2.1ms
2026-06-04 03:57:41.598 -05:00 [INF] [4031fe86-1dbb-4db0-a4da-df91666c9546] Microsoft.EntityFrameworkCore.Database.Command Executed DbCommand (1ms) [Parameters=[@normalizedEmail='?'], CommandType='"Text"', CommandTimeout='30']
SELECT a."Id", a."AccessFailedCount", a."ConcurrencyStamp", a."CreatedAt", a."Email", a."EmailConfirmed", a."FirstName", a."LastName", a."LockoutEnabled", a."LockoutEnd", a."NormalizedEmail", a."NormalizedUserName", a."PasswordHash", a."PhoneNumber", a."PhoneNumberConfirmed", a."SecurityStamp", a."Timezone", a."TwoFactorEnabled", a."UserName"
FROM "AspNetUsers" AS a
WHERE a."NormalizedEmail" = @normalizedEmail
LIMIT 2
2026-06-04 03:57:41.599 -05:00 [WRN] [4031fe86-1dbb-4db0-a4da-df91666c9546] MindedConnections.Api.Services.Auth.AuthService Failed login attempt for 
2026-06-04 03:57:41.599 -05:00 [WRN] [4031fe86-1dbb-4db0-a4da-df91666c9546] Serilog.AspNetCore.RequestLoggingMiddleware HTTP POST /auth/login responded 401 in 2.0ms
2026-06-04 03:57:41.607 -05:00 [INF] [3c8b0701-afa3-4e7e-8222-f2578032abad] Microsoft.EntityFrameworkCore.Database.Command Executed DbCommand (1ms) [Parameters=[@incomingToken='?'], CommandType='"Text"', CommandTimeout='30']
SELECT r."Id", r.created_at, r.expires_at, r.revoked_at, r.token, r.user_id, a."Id", a."AccessFailedCount", a."ConcurrencyStamp", a."CreatedAt", a."Email", a."EmailConfirmed", a."FirstName", a."LastName", a."LockoutEnabled", a."LockoutEnd", a."NormalizedEmail", a."NormalizedUserName", a."PasswordHash", a."PhoneNumber", a."PhoneNumberConfirmed", a."SecurityStamp", a."Timezone", a."TwoFactorEnabled", a."UserName"
FROM refresh_tokens AS r
INNER JOIN "AspNetUsers" AS a ON r.user_id = a."Id"
WHERE r.token = @incomingToken
LIMIT 2
2026-06-04 03:57:41.609 -05:00 [INF] [3c8b0701-afa3-4e7e-8222-f2578032abad] Microsoft.EntityFrameworkCore.Database.Command Executed DbCommand (1ms) [Parameters=[@p1='?' (DbType = Int32), @p0='?' (DbType = DateTime), @p2='?' (DbType = DateTime), @p3='?' (DbType = DateTime), @p4='?' (DbType = DateTime), @p5='?', @p6='?'], CommandType='"Text"', CommandTimeout='30']
UPDATE refresh_tokens SET revoked_at = @p0
WHERE "Id" = @p1;
INSERT INTO refresh_tokens (created_at, expires_at, revoked_at, token, user_id)
VALUES (@p2, @p3, @p4, @p5, @p6)
RETURNING "Id";
2026-06-04 03:57:41.613 -05:00 [INF] [3c8b0701-afa3-4e7e-8222-f2578032abad] Microsoft.EntityFrameworkCore.Database.Command Executed DbCommand (1ms) [Parameters=[@userId='?'], CommandType='"Text"', CommandTimeout='30']
SELECT a0."Name"
FROM "AspNetUserRoles" AS a
INNER JOIN "AspNetRoles" AS a0 ON a."RoleId" = a0."Id"
WHERE a."UserId" = @userId
2026-06-04 03:57:41.614 -05:00 [DBG] [3c8b0701-afa3-4e7e-8222-f2578032abad] MindedConnections.Api.Services.Auth.AuthService Refresh token rotated for user 3db28be2-44cb-43fd-865c-ee1bcca66e1f
2026-06-04 03:57:41.614 -05:00 [INF] [3c8b0701-afa3-4e7e-8222-f2578032abad] Serilog.AspNetCore.RequestLoggingMiddleware HTTP POST /auth/refresh responded 200 in 8.2ms
2026-06-04 03:57:41.624 -05:00 [INF] [b9208277-ae22-467f-99b6-4edf2d336e32] Microsoft.EntityFrameworkCore.Database.Command Executed DbCommand (1ms) [Parameters=[@normalizedEmail='?'], CommandType='"Text"', CommandTimeout='30']
SELECT a."Id", a."AccessFailedCount", a."ConcurrencyStamp", a."CreatedAt", a."Email", a."EmailConfirmed", a."FirstName", a."LastName", a."LockoutEnabled", a."LockoutEnd", a."NormalizedEmail", a."NormalizedUserName", a."PasswordHash", a."PhoneNumber", a."PhoneNumberConfirmed", a."SecurityStamp", a."Timezone", a."TwoFactorEnabled", a."UserName"
FROM "AspNetUsers" AS a
WHERE a."NormalizedEmail" = @normalizedEmail
LIMIT 2
2026-06-04 03:57:41.624 -05:00 [WRN] [b9208277-ae22-467f-99b6-4edf2d336e32] MindedConnections.Api.Services.Auth.AuthService Failed login attempt for 
2026-06-04 03:57:41.624 -05:00 [WRN] [b9208277-ae22-467f-99b6-4edf2d336e32] Serilog.AspNetCore.RequestLoggingMiddleware HTTP POST /auth/login responded 401 in 1.8ms
2026-06-04 03:57:41.773 -05:00 [INF] [87b3579f-06eb-407b-9764-06a8466fe386] Microsoft.EntityFrameworkCore.Database.Command Executed DbCommand (1ms) [Parameters=[@normalizedEmail='?'], CommandType='"Text"', CommandTimeout='30']
SELECT a."Id", a."AccessFailedCount", a."ConcurrencyStamp", a."CreatedAt", a."Email", a."EmailConfirmed", a."FirstName", a."LastName", a."LockoutEnabled", a."LockoutEnd", a."NormalizedEmail", a."NormalizedUserName", a."PasswordHash", a."PhoneNumber", a."PhoneNumberConfirmed", a."SecurityStamp", a."Timezone", a."TwoFactorEnabled", a."UserName"
FROM "AspNetUsers" AS a
WHERE a."NormalizedEmail" = @normalizedEmail
LIMIT 2
2026-06-04 03:57:41.773 -05:00 [WRN] [87b3579f-06eb-407b-9764-06a8466fe386] MindedConnections.Api.Services.Auth.AuthService Failed login attempt for 
2026-06-04 03:57:41.773 -05:00 [WRN] [87b3579f-06eb-407b-9764-06a8466fe386] Serilog.AspNetCore.RequestLoggingMiddleware HTTP POST /auth/login responded 401 in 1.9ms
2026-06-04 03:57:41.782 -05:00 [INF] [a6a5d2e5-7d34-4bee-9372-65079130eabb] Microsoft.EntityFrameworkCore.Database.Command Executed DbCommand (1ms) [Parameters=[@incomingToken='?'], CommandType='"Text"', CommandTimeout='30']
SELECT r."Id", r.created_at, r.expires_at, r.revoked_at, r.token, r.user_id, a."Id", a."AccessFailedCount", a."ConcurrencyStamp", a."CreatedAt", a."Email", a."EmailConfirmed", a."FirstName", a."LastName", a."LockoutEnabled", a."LockoutEnd", a."NormalizedEmail", a."NormalizedUserName", a."PasswordHash", a."PhoneNumber", a."PhoneNumberConfirmed", a."SecurityStamp", a."Timezone", a."TwoFactorEnabled", a."UserName"
FROM refresh_tokens AS r
INNER JOIN "AspNetUsers" AS a ON r.user_id = a."Id"
WHERE r.token = @incomingToken
LIMIT 2
2026-06-04 03:57:41.784 -05:00 [INF] [a6a5d2e5-7d34-4bee-9372-65079130eabb] Microsoft.EntityFrameworkCore.Database.Command Executed DbCommand (1ms) [Parameters=[@p1='?' (DbType = Int32), @p0='?' (DbType = DateTime), @p2='?' (DbType = DateTime), @p3='?' (DbType = DateTime), @p4='?' (DbType = DateTime), @p5='?', @p6='?'], CommandType='"Text"', CommandTimeout='30']
UPDATE refresh_tokens SET revoked_at = @p0
WHERE "Id" = @p1;
INSERT INTO refresh_tokens (created_at, expires_at, revoked_at, token, user_id)
VALUES (@p2, @p3, @p4, @p5, @p6)
RETURNING "Id";
2026-06-04 03:57:41.963 -05:00 [INF] [a6a5d2e5-7d34-4bee-9372-65079130eabb] Microsoft.EntityFrameworkCore.Database.Command Executed DbCommand (1ms) [Parameters=[@userId='?'], CommandType='"Text"', CommandTimeout='30']
SELECT a0."Name"
FROM "AspNetUserRoles" AS a
INNER JOIN "AspNetRoles" AS a0 ON a."RoleId" = a0."Id"
WHERE a."UserId" = @userId
2026-06-04 03:57:41.964 -05:00 [DBG] [a6a5d2e5-7d34-4bee-9372-65079130eabb] MindedConnections.Api.Services.Auth.AuthService Refresh token rotated for user 3db28be2-44cb-43fd-865c-ee1bcca66e1f
2026-06-04 03:57:41.964 -05:00 [INF] [a6a5d2e5-7d34-4bee-9372-65079130eabb] Serilog.AspNetCore.RequestLoggingMiddleware HTTP POST /auth/refresh responded 200 in 183.3ms
2026-06-04 03:57:41.974 -05:00 [INF] [37e914ee-4c9e-4ba2-8e87-90ac04eeabd3] Microsoft.EntityFrameworkCore.Database.Command Executed DbCommand (1ms) [Parameters=[@normalizedEmail='?'], CommandType='"Text"', CommandTimeout='30']
SELECT a."Id", a."AccessFailedCount", a."ConcurrencyStamp", a."CreatedAt", a."Email", a."EmailConfirmed", a."FirstName", a."LastName", a."LockoutEnabled", a."LockoutEnd", a."NormalizedEmail", a."NormalizedUserName", a."PasswordHash", a."PhoneNumber", a."PhoneNumberConfirmed", a."SecurityStamp", a."Timezone", a."TwoFactorEnabled", a."UserName"
FROM "AspNetUsers" AS a
WHERE a."NormalizedEmail" = @normalizedEmail
LIMIT 2
2026-06-04 03:57:41.974 -05:00 [WRN] [37e914ee-4c9e-4ba2-8e87-90ac04eeabd3] MindedConnections.Api.Services.Auth.AuthService Failed login attempt for 
2026-06-04 03:57:41.974 -05:00 [WRN] [37e914ee-4c9e-4ba2-8e87-90ac04eeabd3] Serilog.AspNetCore.RequestLoggingMiddleware HTTP POST /auth/login responded 401 in 1.8ms
2026-06-04 03:57:42.018 -05:00 [INF] [b4a4dc93-0e69-462c-a4b8-8af02ecc8582] Microsoft.EntityFrameworkCore.Database.Command Executed DbCommand (1ms) [Parameters=[@normalizedEmail='?'], CommandType='"Text"', CommandTimeout='30']
SELECT a."Id", a."AccessFailedCount", a."ConcurrencyStamp", a."CreatedAt", a."Email", a."EmailConfirmed", a."FirstName", a."LastName", a."LockoutEnabled", a."LockoutEnd", a."NormalizedEmail", a."NormalizedUserName", a."PasswordHash", a."PhoneNumber", a."PhoneNumberConfirmed", a."SecurityStamp", a."Timezone", a."TwoFactorEnabled", a."UserName"
FROM "AspNetUsers" AS a
WHERE a."NormalizedEmail" = @normalizedEmail
LIMIT 2
2026-06-04 03:57:42.019 -05:00 [WRN] [b4a4dc93-0e69-462c-a4b8-8af02ecc8582] MindedConnections.Api.Services.Auth.AuthService Failed login attempt for 
2026-06-04 03:57:42.019 -05:00 [WRN] [b4a4dc93-0e69-462c-a4b8-8af02ecc8582] Serilog.AspNetCore.RequestLoggingMiddleware HTTP POST /auth/login responded 401 in 2.4ms
2026-06-04 03:57:42.028 -05:00 [INF] [a8b2943d-922d-4ad9-97dd-6c4798d3c306] Microsoft.EntityFrameworkCore.Database.Command Executed DbCommand (1ms) [Parameters=[@incomingToken='?'], CommandType='"Text"', CommandTimeout='30']
SELECT r."Id", r.created_at, r.expires_at, r.revoked_at, r.token, r.user_id, a."Id", a."AccessFailedCount", a."ConcurrencyStamp", a."CreatedAt", a."Email", a."EmailConfirmed", a."FirstName", a."LastName", a."LockoutEnabled", a."LockoutEnd", a."NormalizedEmail", a."NormalizedUserName", a."PasswordHash", a."PhoneNumber", a."PhoneNumberConfirmed", a."SecurityStamp", a."Timezone", a."TwoFactorEnabled", a."UserName"
FROM refresh_tokens AS r
INNER JOIN "AspNetUsers" AS a ON r.user_id = a."Id"
WHERE r.token = @incomingToken
LIMIT 2
2026-06-04 03:57:42.030 -05:00 [INF] [a8b2943d-922d-4ad9-97dd-6c4798d3c306] Microsoft.EntityFrameworkCore.Database.Command Executed DbCommand (1ms) [Parameters=[@p1='?' (DbType = Int32), @p0='?' (DbType = DateTime), @p2='?' (DbType = DateTime), @p3='?' (DbType = DateTime), @p4='?' (DbType = DateTime), @p5='?', @p6='?'], CommandType='"Text"', CommandTimeout='30']
UPDATE refresh_tokens SET revoked_at = @p0
WHERE "Id" = @p1;
INSERT INTO refresh_tokens (created_at, expires_at, revoked_at, token, user_id)
VALUES (@p2, @p3, @p4, @p5, @p6)
RETURNING "Id";
2026-06-04 03:57:42.034 -05:00 [INF] [a8b2943d-922d-4ad9-97dd-6c4798d3c306] Microsoft.EntityFrameworkCore.Database.Command Executed DbCommand (1ms) [Parameters=[@userId='?'], CommandType='"Text"', CommandTimeout='30']
SELECT a0."Name"
FROM "AspNetUserRoles" AS a
INNER JOIN "AspNetRoles" AS a0 ON a."RoleId" = a0."Id"
WHERE a."UserId" = @userId
2026-06-04 03:57:42.034 -05:00 [DBG] [a8b2943d-922d-4ad9-97dd-6c4798d3c306] MindedConnections.Api.Services.Auth.AuthService Refresh token rotated for user 3db28be2-44cb-43fd-865c-ee1bcca66e1f
2026-06-04 03:57:42.034 -05:00 [INF] [a8b2943d-922d-4ad9-97dd-6c4798d3c306] Serilog.AspNetCore.RequestLoggingMiddleware HTTP POST /auth/refresh responded 200 in 7.5ms
2026-06-04 03:57:42.045 -05:00 [INF] [1ba96e0a-418b-4ce9-ae24-eca4d6a26c10] Microsoft.EntityFrameworkCore.Database.Command Executed DbCommand (1ms) [Parameters=[@normalizedEmail='?'], CommandType='"Text"', CommandTimeout='30']
SELECT a."Id", a."AccessFailedCount", a."ConcurrencyStamp", a."CreatedAt", a."Email", a."EmailConfirmed", a."FirstName", a."LastName", a."LockoutEnabled", a."LockoutEnd", a."NormalizedEmail", a."NormalizedUserName", a."PasswordHash", a."PhoneNumber", a."PhoneNumberConfirmed", a."SecurityStamp", a."Timezone", a."TwoFactorEnabled", a."UserName"
FROM "AspNetUsers" AS a
WHERE a."NormalizedEmail" = @normalizedEmail
LIMIT 2
2026-06-04 03:57:42.045 -05:00 [WRN] [1ba96e0a-418b-4ce9-ae24-eca4d6a26c10] MindedConnections.Api.Services.Auth.AuthService Failed login attempt for 
2026-06-04 03:57:42.046 -05:00 [WRN] [1ba96e0a-418b-4ce9-ae24-eca4d6a26c10] Serilog.AspNetCore.RequestLoggingMiddleware HTTP POST /auth/login responded 401 in 1.9ms
2026-06-04 03:57:42.345 -05:00 [INF] [a6702386-6ea8-4a69-8f57-8e0f04d3bbec] Microsoft.EntityFrameworkCore.Database.Command Executed DbCommand (1ms) [Parameters=[@normalizedEmail='?'], CommandType='"Text"', CommandTimeout='30']
SELECT a."Id", a."AccessFailedCount", a."ConcurrencyStamp", a."CreatedAt", a."Email", a."EmailConfirmed", a."FirstName", a."LastName", a."LockoutEnabled", a."LockoutEnd", a."NormalizedEmail", a."NormalizedUserName", a."PasswordHash", a."PhoneNumber", a."PhoneNumberConfirmed", a."SecurityStamp", a."Timezone", a."TwoFactorEnabled", a."UserName"
FROM "AspNetUsers" AS a
WHERE a."NormalizedEmail" = @normalizedEmail
LIMIT 2
2026-06-04 03:57:42.345 -05:00 [WRN] [a6702386-6ea8-4a69-8f57-8e0f04d3bbec] MindedConnections.Api.Services.Auth.AuthService Failed login attempt for 
2026-06-04 03:57:42.345 -05:00 [WRN] [a6702386-6ea8-4a69-8f57-8e0f04d3bbec] Serilog.AspNetCore.RequestLoggingMiddleware HTTP POST /auth/login responded 401 in 1.7ms
2026-06-04 03:57:42.354 -05:00 [INF] [bd2dde05-02cc-485e-a862-2609532b18c4] Microsoft.EntityFrameworkCore.Database.Command Executed DbCommand (1ms) [Parameters=[@incomingToken='?'], CommandType='"Text"', CommandTimeout='30']
SELECT r."Id", r.created_at, r.expires_at, r.revoked_at, r.token, r.user_id, a."Id", a."AccessFailedCount", a."ConcurrencyStamp", a."CreatedAt", a."Email", a."EmailConfirmed", a."FirstName", a."LastName", a."LockoutEnabled", a."LockoutEnd", a."NormalizedEmail", a."NormalizedUserName", a."PasswordHash", a."PhoneNumber", a."PhoneNumberConfirmed", a."SecurityStamp", a."Timezone", a."TwoFactorEnabled", a."UserName"
FROM refresh_tokens AS r
INNER JOIN "AspNetUsers" AS a ON r.user_id = a."Id"
WHERE r.token = @incomingToken
LIMIT 2
2026-06-04 03:57:42.355 -05:00 [INF] [bd2dde05-02cc-485e-a862-2609532b18c4] Microsoft.EntityFrameworkCore.Database.Command Executed DbCommand (1ms) [Parameters=[@p1='?' (DbType = Int32), @p0='?' (DbType = DateTime), @p2='?' (DbType = DateTime), @p3='?' (DbType = DateTime), @p4='?' (DbType = DateTime), @p5='?', @p6='?'], CommandType='"Text"', CommandTimeout='30']
UPDATE refresh_tokens SET revoked_at = @p0
WHERE "Id" = @p1;
INSERT INTO refresh_tokens (created_at, expires_at, revoked_at, token, user_id)
VALUES (@p2, @p3, @p4, @p5, @p6)
RETURNING "Id";
2026-06-04 03:57:42.368 -05:00 [INF] [bd2dde05-02cc-485e-a862-2609532b18c4] Microsoft.EntityFrameworkCore.Database.Command Executed DbCommand (1ms) [Parameters=[@userId='?'], CommandType='"Text"', CommandTimeout='30']
SELECT a0."Name"
FROM "AspNetUserRoles" AS a
INNER JOIN "AspNetRoles" AS a0 ON a."RoleId" = a0."Id"
WHERE a."UserId" = @userId
2026-06-04 03:57:42.369 -05:00 [DBG] [bd2dde05-02cc-485e-a862-2609532b18c4] MindedConnections.Api.Services.Auth.AuthService Refresh token rotated for user 3db28be2-44cb-43fd-865c-ee1bcca66e1f
2026-06-04 03:57:42.369 -05:00 [INF] [bd2dde05-02cc-485e-a862-2609532b18c4] Serilog.AspNetCore.RequestLoggingMiddleware HTTP POST /auth/refresh responded 200 in 16.8ms
2026-06-04 03:57:42.379 -05:00 [INF] [5fec81c1-97af-42e5-aa68-324b8a687110] Microsoft.EntityFrameworkCore.Database.Command Executed DbCommand (1ms) [Parameters=[@normalizedEmail='?'], CommandType='"Text"', CommandTimeout='30']
SELECT a."Id", a."AccessFailedCount", a."ConcurrencyStamp", a."CreatedAt", a."Email", a."EmailConfirmed", a."FirstName", a."LastName", a."LockoutEnabled", a."LockoutEnd", a."NormalizedEmail", a."NormalizedUserName", a."PasswordHash", a."PhoneNumber", a."PhoneNumberConfirmed", a."SecurityStamp", a."Timezone", a."TwoFactorEnabled", a."UserName"
FROM "AspNetUsers" AS a
WHERE a."NormalizedEmail" = @normalizedEmail
LIMIT 2
2026-06-04 03:57:42.379 -05:00 [WRN] [5fec81c1-97af-42e5-aa68-324b8a687110] MindedConnections.Api.Services.Auth.AuthService Failed login attempt for 
2026-06-04 03:57:42.379 -05:00 [WRN] [5fec81c1-97af-42e5-aa68-324b8a687110] Serilog.AspNetCore.RequestLoggingMiddleware HTTP POST /auth/login responded 401 in 1.8ms
2026-06-04 03:57:42.556 -05:00 [INF] [6af6f7e3-9797-45c7-a2a8-975a2c850e40] Microsoft.EntityFrameworkCore.Database.Command Executed DbCommand (1ms) [Parameters=[@normalizedEmail='?'], CommandType='"Text"', CommandTimeout='30']
SELECT a."Id", a."AccessFailedCount", a."ConcurrencyStamp", a."CreatedAt", a."Email", a."EmailConfirmed", a."FirstName", a."LastName", a."LockoutEnabled", a."LockoutEnd", a."NormalizedEmail", a."NormalizedUserName", a."PasswordHash", a."PhoneNumber", a."PhoneNumberConfirmed", a."SecurityStamp", a."Timezone", a."TwoFactorEnabled", a."UserName"
FROM "AspNetUsers" AS a
WHERE a."NormalizedEmail" = @normalizedEmail
LIMIT 2
2026-06-04 03:57:42.557 -05:00 [WRN] [6af6f7e3-9797-45c7-a2a8-975a2c850e40] MindedConnections.Api.Services.Auth.AuthService Failed login attempt for 
2026-06-04 03:57:42.557 -05:00 [WRN] [6af6f7e3-9797-45c7-a2a8-975a2c850e40] Serilog.AspNetCore.RequestLoggingMiddleware HTTP POST /auth/login responded 401 in 2.0ms
2026-06-04 03:57:42.565 -05:00 [INF] [6296fa2a-557f-4f03-a625-29f51780cbb2] Microsoft.EntityFrameworkCore.Database.Command Executed DbCommand (1ms) [Parameters=[@incomingToken='?'], CommandType='"Text"', CommandTimeout='30']
SELECT r."Id", r.created_at, r.expires_at, r.revoked_at, r.token, r.user_id, a."Id", a."AccessFailedCount", a."ConcurrencyStamp", a."CreatedAt", a."Email", a."EmailConfirmed", a."FirstName", a."LastName", a."LockoutEnabled", a."LockoutEnd", a."NormalizedEmail", a."NormalizedUserName", a."PasswordHash", a."PhoneNumber", a."PhoneNumberConfirmed", a."SecurityStamp", a."Timezone", a."TwoFactorEnabled", a."UserName"
FROM refresh_tokens AS r
INNER JOIN "AspNetUsers" AS a ON r.user_id = a."Id"
WHERE r.token = @incomingToken
LIMIT 2
2026-06-04 03:57:42.566 -05:00 [INF] [6296fa2a-557f-4f03-a625-29f51780cbb2] Microsoft.EntityFrameworkCore.Database.Command Executed DbCommand (1ms) [Parameters=[@p1='?' (DbType = Int32), @p0='?' (DbType = DateTime), @p2='?' (DbType = DateTime), @p3='?' (DbType = DateTime), @p4='?' (DbType = DateTime), @p5='?', @p6='?'], CommandType='"Text"', CommandTimeout='30']
UPDATE refresh_tokens SET revoked_at = @p0
WHERE "Id" = @p1;
INSERT INTO refresh_tokens (created_at, expires_at, revoked_at, token, user_id)
VALUES (@p2, @p3, @p4, @p5, @p6)
RETURNING "Id";
2026-06-04 03:57:42.570 -05:00 [INF] [6296fa2a-557f-4f03-a625-29f51780cbb2] Microsoft.EntityFrameworkCore.Database.Command Executed DbCommand (1ms) [Parameters=[@userId='?'], CommandType='"Text"', CommandTimeout='30']
SELECT a0."Name"
FROM "AspNetUserRoles" AS a
INNER JOIN "AspNetRoles" AS a0 ON a."RoleId" = a0."Id"
WHERE a."UserId" = @userId
2026-06-04 03:57:42.571 -05:00 [DBG] [6296fa2a-557f-4f03-a625-29f51780cbb2] MindedConnections.Api.Services.Auth.AuthService Refresh token rotated for user 3db28be2-44cb-43fd-865c-ee1bcca66e1f
2026-06-04 03:57:42.571 -05:00 [INF] [6296fa2a-557f-4f03-a625-29f51780cbb2] Serilog.AspNetCore.RequestLoggingMiddleware HTTP POST /auth/refresh responded 200 in 7.8ms
2026-06-04 03:57:42.581 -05:00 [INF] [5f3ed3ae-247c-4c3e-bd25-175aa3100281] Microsoft.EntityFrameworkCore.Database.Command Executed DbCommand (1ms) [Parameters=[@normalizedEmail='?'], CommandType='"Text"', CommandTimeout='30']
SELECT a."Id", a."AccessFailedCount", a."ConcurrencyStamp", a."CreatedAt", a."Email", a."EmailConfirmed", a."FirstName", a."LastName", a."LockoutEnabled", a."LockoutEnd", a."NormalizedEmail", a."NormalizedUserName", a."PasswordHash", a."PhoneNumber", a."PhoneNumberConfirmed", a."SecurityStamp", a."Timezone", a."TwoFactorEnabled", a."UserName"
FROM "AspNetUsers" AS a
WHERE a."NormalizedEmail" = @normalizedEmail
LIMIT 2
2026-06-04 03:57:42.582 -05:00 [WRN] [5f3ed3ae-247c-4c3e-bd25-175aa3100281] MindedConnections.Api.Services.Auth.AuthService Failed login attempt for 
2026-06-04 03:57:42.582 -05:00 [WRN] [5f3ed3ae-247c-4c3e-bd25-175aa3100281] Serilog.AspNetCore.RequestLoggingMiddleware HTTP POST /auth/login responded 401 in 1.7ms
2026-06-04 03:57:42.725 -05:00 [INF] [b1100795-4741-4ad2-94e8-02bdb4b587e9] Microsoft.EntityFrameworkCore.Database.Command Executed DbCommand (1ms) [Parameters=[@normalizedEmail='?'], CommandType='"Text"', CommandTimeout='30']
SELECT a."Id", a."AccessFailedCount", a."ConcurrencyStamp", a."CreatedAt", a."Email", a."EmailConfirmed", a."FirstName", a."LastName", a."LockoutEnabled", a."LockoutEnd", a."NormalizedEmail", a."NormalizedUserName", a."PasswordHash", a."PhoneNumber", a."PhoneNumberConfirmed", a."SecurityStamp", a."Timezone", a."TwoFactorEnabled", a."UserName"
FROM "AspNetUsers" AS a
WHERE a."NormalizedEmail" = @normalizedEmail
LIMIT 2
2026-06-04 03:57:42.726 -05:00 [WRN] [b1100795-4741-4ad2-94e8-02bdb4b587e9] MindedConnections.Api.Services.Auth.AuthService Failed login attempt for 
2026-06-04 03:57:42.726 -05:00 [WRN] [b1100795-4741-4ad2-94e8-02bdb4b587e9] Serilog.AspNetCore.RequestLoggingMiddleware HTTP POST /auth/login responded 401 in 1.6ms
2026-06-04 03:57:42.734 -05:00 [INF] [f4f02c9c-00a7-451b-bf2a-c78c2361215b] Microsoft.EntityFrameworkCore.Database.Command Executed DbCommand (1ms) [Parameters=[@incomingToken='?'], CommandType='"Text"', CommandTimeout='30']
SELECT r."Id", r.created_at, r.expires_at, r.revoked_at, r.token, r.user_id, a."Id", a."AccessFailedCount", a."ConcurrencyStamp", a."CreatedAt", a."Email", a."EmailConfirmed", a."FirstName", a."LastName", a."LockoutEnabled", a."LockoutEnd", a."NormalizedEmail", a."NormalizedUserName", a."PasswordHash", a."PhoneNumber", a."PhoneNumberConfirmed", a."SecurityStamp", a."Timezone", a."TwoFactorEnabled", a."UserName"
FROM refresh_tokens AS r
INNER JOIN "AspNetUsers" AS a ON r.user_id = a."Id"
WHERE r.token = @incomingToken
LIMIT 2
2026-06-04 03:57:42.735 -05:00 [INF] [f4f02c9c-00a7-451b-bf2a-c78c2361215b] Microsoft.EntityFrameworkCore.Database.Command Executed DbCommand (1ms) [Parameters=[@p1='?' (DbType = Int32), @p0='?' (DbType = DateTime), @p2='?' (DbType = DateTime), @p3='?' (DbType = DateTime), @p4='?' (DbType = DateTime), @p5='?', @p6='?'], CommandType='"Text"', CommandTimeout='30']
UPDATE refresh_tokens SET revoked_at = @p0
WHERE "Id" = @p1;
INSERT INTO refresh_tokens (created_at, expires_at, revoked_at, token, user_id)
VALUES (@p2, @p3, @p4, @p5, @p6)
RETURNING "Id";
2026-06-04 03:57:42.739 -05:00 [INF] [f4f02c9c-00a7-451b-bf2a-c78c2361215b] Microsoft.EntityFrameworkCore.Database.Command Executed DbCommand (1ms) [Parameters=[@userId='?'], CommandType='"Text"', CommandTimeout='30']
SELECT a0."Name"
FROM "AspNetUserRoles" AS a
INNER JOIN "AspNetRoles" AS a0 ON a."RoleId" = a0."Id"
WHERE a."UserId" = @userId
2026-06-04 03:57:42.740 -05:00 [DBG] [f4f02c9c-00a7-451b-bf2a-c78c2361215b] MindedConnections.Api.Services.Auth.AuthService Refresh token rotated for user 3db28be2-44cb-43fd-865c-ee1bcca66e1f
2026-06-04 03:57:42.746 -05:00 [INF] [f4f02c9c-00a7-451b-bf2a-c78c2361215b] Serilog.AspNetCore.RequestLoggingMiddleware HTTP POST /auth/refresh responded 200 in 7.9ms
2026-06-04 03:57:42.756 -05:00 [INF] [0fd5a6e8-13b2-4092-b832-7164af62f88d] Microsoft.EntityFrameworkCore.Database.Command Executed DbCommand (1ms) [Parameters=[@normalizedEmail='?'], CommandType='"Text"', CommandTimeout='30']
SELECT a."Id", a."AccessFailedCount", a."ConcurrencyStamp", a."CreatedAt", a."Email", a."EmailConfirmed", a."FirstName", a."LastName", a."LockoutEnabled", a."LockoutEnd", a."NormalizedEmail", a."NormalizedUserName", a."PasswordHash", a."PhoneNumber", a."PhoneNumberConfirmed", a."SecurityStamp", a."Timezone", a."TwoFactorEnabled", a."UserName"
FROM "AspNetUsers" AS a
WHERE a."NormalizedEmail" = @normalizedEmail
LIMIT 2
2026-06-04 03:57:42.756 -05:00 [WRN] [0fd5a6e8-13b2-4092-b832-7164af62f88d] MindedConnections.Api.Services.Auth.AuthService Failed login attempt for 
2026-06-04 03:57:42.757 -05:00 [WRN] [0fd5a6e8-13b2-4092-b832-7164af62f88d] Serilog.AspNetCore.RequestLoggingMiddleware HTTP POST /auth/login responded 401 in 2.1ms
2026-06-04 03:57:42.885 -05:00 [INF] [0f475c7a-b52c-45e8-86c8-2955de7e5ee4] Microsoft.EntityFrameworkCore.Database.Command Executed DbCommand (1ms) [Parameters=[@normalizedEmail='?'], CommandType='"Text"', CommandTimeout='30']
SELECT a."Id", a."AccessFailedCount", a."ConcurrencyStamp", a."CreatedAt", a."Email", a."EmailConfirmed", a."FirstName", a."LastName", a."LockoutEnabled", a."LockoutEnd", a."NormalizedEmail", a."NormalizedUserName", a."PasswordHash", a."PhoneNumber", a."PhoneNumberConfirmed", a."SecurityStamp", a."Timezone", a."TwoFactorEnabled", a."UserName"
FROM "AspNetUsers" AS a
WHERE a."NormalizedEmail" = @normalizedEmail
LIMIT 2
2026-06-04 03:57:42.885 -05:00 [WRN] [0f475c7a-b52c-45e8-86c8-2955de7e5ee4] MindedConnections.Api.Services.Auth.AuthService Failed login attempt for 
2026-06-04 03:57:42.886 -05:00 [WRN] [0f475c7a-b52c-45e8-86c8-2955de7e5ee4] Serilog.AspNetCore.RequestLoggingMiddleware HTTP POST /auth/login responded 401 in 1.8ms
2026-06-04 03:57:42.893 -05:00 [INF] [4f7862a4-320a-471b-9c52-f04ecbbaada0] Microsoft.EntityFrameworkCore.Database.Command Executed DbCommand (1ms) [Parameters=[@incomingToken='?'], CommandType='"Text"', CommandTimeout='30']
SELECT r."Id", r.created_at, r.expires_at, r.revoked_at, r.token, r.user_id, a."Id", a."AccessFailedCount", a."ConcurrencyStamp", a."CreatedAt", a."Email", a."EmailConfirmed", a."FirstName", a."LastName", a."LockoutEnabled", a."LockoutEnd", a."NormalizedEmail", a."NormalizedUserName", a."PasswordHash", a."PhoneNumber", a."PhoneNumberConfirmed", a."SecurityStamp", a."Timezone", a."TwoFactorEnabled", a."UserName"
FROM refresh_tokens AS r
INNER JOIN "AspNetUsers" AS a ON r.user_id = a."Id"
WHERE r.token = @incomingToken
LIMIT 2
2026-06-04 03:57:42.895 -05:00 [INF] [4f7862a4-320a-471b-9c52-f04ecbbaada0] Microsoft.EntityFrameworkCore.Database.Command Executed DbCommand (1ms) [Parameters=[@p1='?' (DbType = Int32), @p0='?' (DbType = DateTime), @p2='?' (DbType = DateTime), @p3='?' (DbType = DateTime), @p4='?' (DbType = DateTime), @p5='?', @p6='?'], CommandType='"Text"', CommandTimeout='30']
UPDATE refresh_tokens SET revoked_at = @p0
WHERE "Id" = @p1;
INSERT INTO refresh_tokens (created_at, expires_at, revoked_at, token, user_id)
VALUES (@p2, @p3, @p4, @p5, @p6)
RETURNING "Id";
2026-06-04 03:57:42.899 -05:00 [INF] [4f7862a4-320a-471b-9c52-f04ecbbaada0] Microsoft.EntityFrameworkCore.Database.Command Executed DbCommand (1ms) [Parameters=[@userId='?'], CommandType='"Text"', CommandTimeout='30']
SELECT a0."Name"
FROM "AspNetUserRoles" AS a
INNER JOIN "AspNetRoles" AS a0 ON a."RoleId" = a0."Id"
WHERE a."UserId" = @userId
2026-06-04 03:57:42.899 -05:00 [DBG] [4f7862a4-320a-471b-9c52-f04ecbbaada0] MindedConnections.Api.Services.Auth.AuthService Refresh token rotated for user 3db28be2-44cb-43fd-865c-ee1bcca66e1f
2026-06-04 03:57:42.899 -05:00 [INF] [4f7862a4-320a-471b-9c52-f04ecbbaada0] Serilog.AspNetCore.RequestLoggingMiddleware HTTP POST /auth/refresh responded 200 in 7.1ms
2026-06-04 03:57:42.910 -05:00 [INF] [39b695bd-271b-4ef5-a50b-36e25e2bc95d] Microsoft.EntityFrameworkCore.Database.Command Executed DbCommand (1ms) [Parameters=[@normalizedEmail='?'], CommandType='"Text"', CommandTimeout='30']
SELECT a."Id", a."AccessFailedCount", a."ConcurrencyStamp", a."CreatedAt", a."Email", a."EmailConfirmed", a."FirstName", a."LastName", a."LockoutEnabled", a."LockoutEnd", a."NormalizedEmail", a."NormalizedUserName", a."PasswordHash", a."PhoneNumber", a."PhoneNumberConfirmed", a."SecurityStamp", a."Timezone", a."TwoFactorEnabled", a."UserName"
FROM "AspNetUsers" AS a
WHERE a."NormalizedEmail" = @normalizedEmail
LIMIT 2
2026-06-04 03:57:42.910 -05:00 [WRN] [39b695bd-271b-4ef5-a50b-36e25e2bc95d] MindedConnections.Api.Services.Auth.AuthService Failed login attempt for 
2026-06-04 03:57:42.910 -05:00 [WRN] [39b695bd-271b-4ef5-a50b-36e25e2bc95d] Serilog.AspNetCore.RequestLoggingMiddleware HTTP POST /auth/login responded 401 in 1.9ms
2026-06-04 03:57:43.045 -05:00 [INF] [2c1dafbb-5918-4c9a-a1bc-90009d0cedc1] Microsoft.EntityFrameworkCore.Database.Command Executed DbCommand (1ms) [Parameters=[@normalizedEmail='?'], CommandType='"Text"', CommandTimeout='30']
SELECT a."Id", a."AccessFailedCount", a."ConcurrencyStamp", a."CreatedAt", a."Email", a."EmailConfirmed", a."FirstName", a."LastName", a."LockoutEnabled", a."LockoutEnd", a."NormalizedEmail", a."NormalizedUserName", a."PasswordHash", a."PhoneNumber", a."PhoneNumberConfirmed", a."SecurityStamp", a."Timezone", a."TwoFactorEnabled", a."UserName"
FROM "AspNetUsers" AS a
WHERE a."NormalizedEmail" = @normalizedEmail
LIMIT 2
2026-06-04 03:57:43.045 -05:00 [WRN] [2c1dafbb-5918-4c9a-a1bc-90009d0cedc1] MindedConnections.Api.Services.Auth.AuthService Failed login attempt for 
2026-06-04 03:57:43.046 -05:00 [WRN] [2c1dafbb-5918-4c9a-a1bc-90009d0cedc1] Serilog.AspNetCore.RequestLoggingMiddleware HTTP POST /auth/login responded 401 in 2.3ms
2026-06-04 03:57:43.057 -05:00 [INF] [7dee5c35-577c-4746-8c3a-fcf77ce56833] Microsoft.EntityFrameworkCore.Database.Command Executed DbCommand (1ms) [Parameters=[@incomingToken='?'], CommandType='"Text"', CommandTimeout='30']
SELECT r."Id", r.created_at, r.expires_at, r.revoked_at, r.token, r.user_id, a."Id", a."AccessFailedCount", a."ConcurrencyStamp", a."CreatedAt", a."Email", a."EmailConfirmed", a."FirstName", a."LastName", a."LockoutEnabled", a."LockoutEnd", a."NormalizedEmail", a."NormalizedUserName", a."PasswordHash", a."PhoneNumber", a."PhoneNumberConfirmed", a."SecurityStamp", a."Timezone", a."TwoFactorEnabled", a."UserName"
FROM refresh_tokens AS r
INNER JOIN "AspNetUsers" AS a ON r.user_id = a."Id"
WHERE r.token = @incomingToken
LIMIT 2
2026-06-04 03:57:43.059 -05:00 [INF] [7dee5c35-577c-4746-8c3a-fcf77ce56833] Microsoft.EntityFrameworkCore.Database.Command Executed DbCommand (1ms) [Parameters=[@p1='?' (DbType = Int32), @p0='?' (DbType = DateTime), @p2='?' (DbType = DateTime), @p3='?' (DbType = DateTime), @p4='?' (DbType = DateTime), @p5='?', @p6='?'], CommandType='"Text"', CommandTimeout='30']
UPDATE refresh_tokens SET revoked_at = @p0
WHERE "Id" = @p1;
INSERT INTO refresh_tokens (created_at, expires_at, revoked_at, token, user_id)
VALUES (@p2, @p3, @p4, @p5, @p6)
RETURNING "Id";
2026-06-04 03:57:43.063 -05:00 [INF] [7dee5c35-577c-4746-8c3a-fcf77ce56833] Microsoft.EntityFrameworkCore.Database.Command Executed DbCommand (1ms) [Parameters=[@userId='?'], CommandType='"Text"', CommandTimeout='30']
SELECT a0."Name"
FROM "AspNetUserRoles" AS a
INNER JOIN "AspNetRoles" AS a0 ON a."RoleId" = a0."Id"
WHERE a."UserId" = @userId
2026-06-04 03:57:43.063 -05:00 [DBG] [7dee5c35-577c-4746-8c3a-fcf77ce56833] MindedConnections.Api.Services.Auth.AuthService Refresh token rotated for user 3db28be2-44cb-43fd-865c-ee1bcca66e1f
2026-06-04 03:57:43.064 -05:00 [INF] [7dee5c35-577c-4746-8c3a-fcf77ce56833] Serilog.AspNetCore.RequestLoggingMiddleware HTTP POST /auth/refresh responded 200 in 9.3ms
2026-06-04 03:57:43.076 -05:00 [INF] [bd91f9ad-24d7-4721-8b01-29bc7ade685e] Microsoft.EntityFrameworkCore.Database.Command Executed DbCommand (1ms) [Parameters=[@normalizedEmail='?'], CommandType='"Text"', CommandTimeout='30']
SELECT a."Id", a."AccessFailedCount", a."ConcurrencyStamp", a."CreatedAt", a."Email", a."EmailConfirmed", a."FirstName", a."LastName", a."LockoutEnabled", a."LockoutEnd", a."NormalizedEmail", a."NormalizedUserName", a."PasswordHash", a."PhoneNumber", a."PhoneNumberConfirmed", a."SecurityStamp", a."Timezone", a."TwoFactorEnabled", a."UserName"
FROM "AspNetUsers" AS a
WHERE a."NormalizedEmail" = @normalizedEmail
LIMIT 2
2026-06-04 03:57:43.077 -05:00 [WRN] [bd91f9ad-24d7-4721-8b01-29bc7ade685e] MindedConnections.Api.Services.Auth.AuthService Failed login attempt for 
2026-06-04 03:57:43.077 -05:00 [WRN] [bd91f9ad-24d7-4721-8b01-29bc7ade685e] Serilog.AspNetCore.RequestLoggingMiddleware HTTP POST /auth/login responded 401 in 2.6ms
2026-06-04 03:57:57.339 -05:00 [INF] [ee7b62b9-2d0c-433a-8c71-d3ac6bb925a7] Microsoft.EntityFrameworkCore.Database.Command Executed DbCommand (1ms) [Parameters=[@normalizedEmail='?'], CommandType='"Text"', CommandTimeout='30']
SELECT a."Id", a."AccessFailedCount", a."ConcurrencyStamp", a."CreatedAt", a."Email", a."EmailConfirmed", a."FirstName", a."LastName", a."LockoutEnabled", a."LockoutEnd", a."NormalizedEmail", a."NormalizedUserName", a."PasswordHash", a."PhoneNumber", a."PhoneNumberConfirmed", a."SecurityStamp", a."Timezone", a."TwoFactorEnabled", a."UserName"
FROM "AspNetUsers" AS a
WHERE a."NormalizedEmail" = @normalizedEmail
LIMIT 2
2026-06-04 03:57:57.339 -05:00 [WRN] [ee7b62b9-2d0c-433a-8c71-d3ac6bb925a7] MindedConnections.Api.Services.Auth.AuthService Failed login attempt for 
2026-06-04 03:57:57.339 -05:00 [WRN] [ee7b62b9-2d0c-433a-8c71-d3ac6bb925a7] Serilog.AspNetCore.RequestLoggingMiddleware HTTP POST /auth/login responded 401 in 2.1ms
2026-06-04 03:57:57.366 -05:00 [INF] [d0545b40-96c3-43c6-9c45-9626f629b73c] Microsoft.EntityFrameworkCore.Database.Command Executed DbCommand (2ms) [Parameters=[@incomingToken='?'], CommandType='"Text"', CommandTimeout='30']
SELECT r."Id", r.created_at, r.expires_at, r.revoked_at, r.token, r.user_id, a."Id", a."AccessFailedCount", a."ConcurrencyStamp", a."CreatedAt", a."Email", a."EmailConfirmed", a."FirstName", a."LastName", a."LockoutEnabled", a."LockoutEnd", a."NormalizedEmail", a."NormalizedUserName", a."PasswordHash", a."PhoneNumber", a."PhoneNumberConfirmed", a."SecurityStamp", a."Timezone", a."TwoFactorEnabled", a."UserName"
FROM refresh_tokens AS r
INNER JOIN "AspNetUsers" AS a ON r.user_id = a."Id"
WHERE r.token = @incomingToken
LIMIT 2
2026-06-04 03:57:57.368 -05:00 [INF] [d0545b40-96c3-43c6-9c45-9626f629b73c] Microsoft.EntityFrameworkCore.Database.Command Executed DbCommand (2ms) [Parameters=[@p1='?' (DbType = Int32), @p0='?' (DbType = DateTime), @p2='?' (DbType = DateTime), @p3='?' (DbType = DateTime), @p4='?' (DbType = DateTime), @p5='?', @p6='?'], CommandType='"Text"', CommandTimeout='30']
UPDATE refresh_tokens SET revoked_at = @p0
WHERE "Id" = @p1;
INSERT INTO refresh_tokens (created_at, expires_at, revoked_at, token, user_id)
VALUES (@p2, @p3, @p4, @p5, @p6)
RETURNING "Id";
2026-06-04 03:57:57.381 -05:00 [INF] [d0545b40-96c3-43c6-9c45-9626f629b73c] Microsoft.EntityFrameworkCore.Database.Command Executed DbCommand (7ms) [Parameters=[@userId='?'], CommandType='"Text"', CommandTimeout='30']
SELECT a0."Name"
FROM "AspNetUserRoles" AS a
INNER JOIN "AspNetRoles" AS a0 ON a."RoleId" = a0."Id"
WHERE a."UserId" = @userId
2026-06-04 03:57:57.382 -05:00 [DBG] [d0545b40-96c3-43c6-9c45-9626f629b73c] MindedConnections.Api.Services.Auth.AuthService Refresh token rotated for user 3db28be2-44cb-43fd-865c-ee1bcca66e1f
2026-06-04 03:57:57.382 -05:00 [INF] [d0545b40-96c3-43c6-9c45-9626f629b73c] Serilog.AspNetCore.RequestLoggingMiddleware HTTP POST /auth/refresh responded 200 in 19.0ms
2026-06-04 03:57:57.397 -05:00 [INF] [20ca8b70-547f-468a-ab65-16c305e0407f] Microsoft.EntityFrameworkCore.Database.Command Executed DbCommand (1ms) [Parameters=[@normalizedEmail='?'], CommandType='"Text"', CommandTimeout='30']
SELECT a."Id", a."AccessFailedCount", a."ConcurrencyStamp", a."CreatedAt", a."Email", a."EmailConfirmed", a."FirstName", a."LastName", a."LockoutEnabled", a."LockoutEnd", a."NormalizedEmail", a."NormalizedUserName", a."PasswordHash", a."PhoneNumber", a."PhoneNumberConfirmed", a."SecurityStamp", a."Timezone", a."TwoFactorEnabled", a."UserName"
FROM "AspNetUsers" AS a
WHERE a."NormalizedEmail" = @normalizedEmail
LIMIT 2
2026-06-04 03:57:57.398 -05:00 [WRN] [20ca8b70-547f-468a-ab65-16c305e0407f] MindedConnections.Api.Services.Auth.AuthService Failed login attempt for 
2026-06-04 03:57:57.398 -05:00 [WRN] [20ca8b70-547f-468a-ab65-16c305e0407f] Serilog.AspNetCore.RequestLoggingMiddleware HTTP POST /auth/login responded 401 in 2.7ms
2026-06-04 03:57:57.818 -05:00 [INF] [bafac201-9166-49c6-8d30-ebe4dcb6a798] Microsoft.EntityFrameworkCore.Database.Command Executed DbCommand (1ms) [Parameters=[@normalizedEmail='?'], CommandType='"Text"', CommandTimeout='30']
SELECT a."Id", a."AccessFailedCount", a."ConcurrencyStamp", a."CreatedAt", a."Email", a."EmailConfirmed", a."FirstName", a."LastName", a."LockoutEnabled", a."LockoutEnd", a."NormalizedEmail", a."NormalizedUserName", a."PasswordHash", a."PhoneNumber", a."PhoneNumberConfirmed", a."SecurityStamp", a."Timezone", a."TwoFactorEnabled", a."UserName"
FROM "AspNetUsers" AS a
WHERE a."NormalizedEmail" = @normalizedEmail
LIMIT 2
2026-06-04 03:57:57.818 -05:00 [WRN] [bafac201-9166-49c6-8d30-ebe4dcb6a798] MindedConnections.Api.Services.Auth.AuthService Failed login attempt for 
2026-06-04 03:57:57.818 -05:00 [WRN] [bafac201-9166-49c6-8d30-ebe4dcb6a798] Serilog.AspNetCore.RequestLoggingMiddleware HTTP POST /auth/login responded 401 in 2.2ms
2026-06-04 03:57:57.828 -05:00 [INF] [1473dd57-7d71-48ec-a802-8896140744da] Microsoft.EntityFrameworkCore.Database.Command Executed DbCommand (1ms) [Parameters=[@incomingToken='?'], CommandType='"Text"', CommandTimeout='30']
SELECT r."Id", r.created_at, r.expires_at, r.revoked_at, r.token, r.user_id, a."Id", a."AccessFailedCount", a."ConcurrencyStamp", a."CreatedAt", a."Email", a."EmailConfirmed", a."FirstName", a."LastName", a."LockoutEnabled", a."LockoutEnd", a."NormalizedEmail", a."NormalizedUserName", a."PasswordHash", a."PhoneNumber", a."PhoneNumberConfirmed", a."SecurityStamp", a."Timezone", a."TwoFactorEnabled", a."UserName"
FROM refresh_tokens AS r
INNER JOIN "AspNetUsers" AS a ON r.user_id = a."Id"
WHERE r.token = @incomingToken
LIMIT 2
2026-06-04 03:57:57.830 -05:00 [INF] [1473dd57-7d71-48ec-a802-8896140744da] Microsoft.EntityFrameworkCore.Database.Command Executed DbCommand (1ms) [Parameters=[@p1='?' (DbType = Int32), @p0='?' (DbType = DateTime), @p2='?' (DbType = DateTime), @p3='?' (DbType = DateTime), @p4='?' (DbType = DateTime), @p5='?', @p6='?'], CommandType='"Text"', CommandTimeout='30']
UPDATE refresh_tokens SET revoked_at = @p0
WHERE "Id" = @p1;
INSERT INTO refresh_tokens (created_at, expires_at, revoked_at, token, user_id)
VALUES (@p2, @p3, @p4, @p5, @p6)
RETURNING "Id";
2026-06-04 03:57:57.834 -05:00 [INF] [1473dd57-7d71-48ec-a802-8896140744da] Microsoft.EntityFrameworkCore.Database.Command Executed DbCommand (1ms) [Parameters=[@userId='?'], CommandType='"Text"', CommandTimeout='30']
SELECT a0."Name"
FROM "AspNetUserRoles" AS a
INNER JOIN "AspNetRoles" AS a0 ON a."RoleId" = a0."Id"
WHERE a."UserId" = @userId
2026-06-04 03:57:57.834 -05:00 [DBG] [1473dd57-7d71-48ec-a802-8896140744da] MindedConnections.Api.Services.Auth.AuthService Refresh token rotated for user 3db28be2-44cb-43fd-865c-ee1bcca66e1f
2026-06-04 03:57:57.834 -05:00 [INF] [1473dd57-7d71-48ec-a802-8896140744da] Serilog.AspNetCore.RequestLoggingMiddleware HTTP POST /auth/refresh responded 200 in 7.5ms
2026-06-04 03:57:57.848 -05:00 [INF] [1616d0f1-76a4-4235-8f02-553881b66404] Microsoft.EntityFrameworkCore.Database.Command Executed DbCommand (1ms) [Parameters=[@normalizedEmail='?'], CommandType='"Text"', CommandTimeout='30']
SELECT a."Id", a."AccessFailedCount", a."ConcurrencyStamp", a."CreatedAt", a."Email", a."EmailConfirmed", a."FirstName", a."LastName", a."LockoutEnabled", a."LockoutEnd", a."NormalizedEmail", a."NormalizedUserName", a."PasswordHash", a."PhoneNumber", a."PhoneNumberConfirmed", a."SecurityStamp", a."Timezone", a."TwoFactorEnabled", a."UserName"
FROM "AspNetUsers" AS a
WHERE a."NormalizedEmail" = @normalizedEmail
LIMIT 2
2026-06-04 03:57:57.848 -05:00 [WRN] [1616d0f1-76a4-4235-8f02-553881b66404] MindedConnections.Api.Services.Auth.AuthService Failed login attempt for 
2026-06-04 03:57:57.848 -05:00 [WRN] [1616d0f1-76a4-4235-8f02-553881b66404] Serilog.AspNetCore.RequestLoggingMiddleware HTTP POST /auth/login responded 401 in 2.0ms
2026-06-04 03:58:26.716 -05:00 [INF] [cf71c007-0ca4-4f09-97fc-87bdf1734213] Microsoft.EntityFrameworkCore.Database.Command Executed DbCommand (1ms) [Parameters=[@normalizedEmail='?'], CommandType='"Text"', CommandTimeout='30']
SELECT a."Id", a."AccessFailedCount", a."ConcurrencyStamp", a."CreatedAt", a."Email", a."EmailConfirmed", a."FirstName", a."LastName", a."LockoutEnabled", a."LockoutEnd", a."NormalizedEmail", a."NormalizedUserName", a."PasswordHash", a."PhoneNumber", a."PhoneNumberConfirmed", a."SecurityStamp", a."Timezone", a."TwoFactorEnabled", a."UserName"
FROM "AspNetUsers" AS a
WHERE a."NormalizedEmail" = @normalizedEmail
LIMIT 2
2026-06-04 03:58:26.716 -05:00 [WRN] [cf71c007-0ca4-4f09-97fc-87bdf1734213] MindedConnections.Api.Services.Auth.AuthService Failed login attempt for 
2026-06-04 03:58:26.716 -05:00 [WRN] [cf71c007-0ca4-4f09-97fc-87bdf1734213] Serilog.AspNetCore.RequestLoggingMiddleware HTTP POST /auth/login responded 401 in 1.9ms
2026-06-04 03:58:26.746 -05:00 [INF] [0b9ea444-dbe1-4126-a617-ae5d184592ca] Microsoft.EntityFrameworkCore.Database.Command Executed DbCommand (2ms) [Parameters=[@incomingToken='?'], CommandType='"Text"', CommandTimeout='30']
SELECT r."Id", r.created_at, r.expires_at, r.revoked_at, r.token, r.user_id, a."Id", a."AccessFailedCount", a."ConcurrencyStamp", a."CreatedAt", a."Email", a."EmailConfirmed", a."FirstName", a."LastName", a."LockoutEnabled", a."LockoutEnd", a."NormalizedEmail", a."NormalizedUserName", a."PasswordHash", a."PhoneNumber", a."PhoneNumberConfirmed", a."SecurityStamp", a."Timezone", a."TwoFactorEnabled", a."UserName"
FROM refresh_tokens AS r
INNER JOIN "AspNetUsers" AS a ON r.user_id = a."Id"
WHERE r.token = @incomingToken
LIMIT 2
2026-06-04 03:58:26.747 -05:00 [INF] [0b9ea444-dbe1-4126-a617-ae5d184592ca] Microsoft.EntityFrameworkCore.Database.Command Executed DbCommand (1ms) [Parameters=[@p1='?' (DbType = Int32), @p0='?' (DbType = DateTime), @p2='?' (DbType = DateTime), @p3='?' (DbType = DateTime), @p4='?' (DbType = DateTime), @p5='?', @p6='?'], CommandType='"Text"', CommandTimeout='30']
UPDATE refresh_tokens SET revoked_at = @p0
WHERE "Id" = @p1;
INSERT INTO refresh_tokens (created_at, expires_at, revoked_at, token, user_id)
VALUES (@p2, @p3, @p4, @p5, @p6)
RETURNING "Id";
2026-06-04 03:58:26.760 -05:00 [INF] [0b9ea444-dbe1-4126-a617-ae5d184592ca] Microsoft.EntityFrameworkCore.Database.Command Executed DbCommand (1ms) [Parameters=[@userId='?'], CommandType='"Text"', CommandTimeout='30']
SELECT a0."Name"
FROM "AspNetUserRoles" AS a
INNER JOIN "AspNetRoles" AS a0 ON a."RoleId" = a0."Id"
WHERE a."UserId" = @userId
2026-06-04 03:58:26.761 -05:00 [DBG] [0b9ea444-dbe1-4126-a617-ae5d184592ca] MindedConnections.Api.Services.Auth.AuthService Refresh token rotated for user 3db28be2-44cb-43fd-865c-ee1bcca66e1f
2026-06-04 03:58:26.761 -05:00 [INF] [0b9ea444-dbe1-4126-a617-ae5d184592ca] Serilog.AspNetCore.RequestLoggingMiddleware HTTP POST /auth/refresh responded 200 in 16.9ms
2026-06-04 03:58:26.771 -05:00 [INF] [003b42f4-d04d-4038-8f2d-6b382ec3b7d2] Microsoft.EntityFrameworkCore.Database.Command Executed DbCommand (1ms) [Parameters=[@normalizedEmail='?'], CommandType='"Text"', CommandTimeout='30']
SELECT a."Id", a."AccessFailedCount", a."ConcurrencyStamp", a."CreatedAt", a."Email", a."EmailConfirmed", a."FirstName", a."LastName", a."LockoutEnabled", a."LockoutEnd", a."NormalizedEmail", a."NormalizedUserName", a."PasswordHash", a."PhoneNumber", a."PhoneNumberConfirmed", a."SecurityStamp", a."Timezone", a."TwoFactorEnabled", a."UserName"
FROM "AspNetUsers" AS a
WHERE a."NormalizedEmail" = @normalizedEmail
LIMIT 2
2026-06-04 03:58:26.771 -05:00 [WRN] [003b42f4-d04d-4038-8f2d-6b382ec3b7d2] MindedConnections.Api.Services.Auth.AuthService Failed login attempt for 
2026-06-04 03:58:26.771 -05:00 [WRN] [003b42f4-d04d-4038-8f2d-6b382ec3b7d2] Serilog.AspNetCore.RequestLoggingMiddleware HTTP POST /auth/login responded 401 in 1.7ms
2026-06-04 03:58:27.183 -05:00 [INF] [83f6478a-c11a-4b11-996c-007fd8314abf] Microsoft.EntityFrameworkCore.Database.Command Executed DbCommand (1ms) [Parameters=[@normalizedEmail='?'], CommandType='"Text"', CommandTimeout='30']
SELECT a."Id", a."AccessFailedCount", a."ConcurrencyStamp", a."CreatedAt", a."Email", a."EmailConfirmed", a."FirstName", a."LastName", a."LockoutEnabled", a."LockoutEnd", a."NormalizedEmail", a."NormalizedUserName", a."PasswordHash", a."PhoneNumber", a."PhoneNumberConfirmed", a."SecurityStamp", a."Timezone", a."TwoFactorEnabled", a."UserName"
FROM "AspNetUsers" AS a
WHERE a."NormalizedEmail" = @normalizedEmail
LIMIT 2
2026-06-04 03:58:27.183 -05:00 [WRN] [83f6478a-c11a-4b11-996c-007fd8314abf] MindedConnections.Api.Services.Auth.AuthService Failed login attempt for 
2026-06-04 03:58:27.183 -05:00 [WRN] [83f6478a-c11a-4b11-996c-007fd8314abf] Serilog.AspNetCore.RequestLoggingMiddleware HTTP POST /auth/login responded 401 in 1.7ms
2026-06-04 03:58:27.191 -05:00 [INF] [a1cff1b1-6631-4107-905d-cf15f17113e9] Microsoft.EntityFrameworkCore.Database.Command Executed DbCommand (1ms) [Parameters=[@incomingToken='?'], CommandType='"Text"', CommandTimeout='30']
SELECT r."Id", r.created_at, r.expires_at, r.revoked_at, r.token, r.user_id, a."Id", a."AccessFailedCount", a."ConcurrencyStamp", a."CreatedAt", a."Email", a."EmailConfirmed", a."FirstName", a."LastName", a."LockoutEnabled", a."LockoutEnd", a."NormalizedEmail", a."NormalizedUserName", a."PasswordHash", a."PhoneNumber", a."PhoneNumberConfirmed", a."SecurityStamp", a."Timezone", a."TwoFactorEnabled", a."UserName"
FROM refresh_tokens AS r
INNER JOIN "AspNetUsers" AS a ON r.user_id = a."Id"
WHERE r.token = @incomingToken
LIMIT 2
2026-06-04 03:58:27.193 -05:00 [INF] [a1cff1b1-6631-4107-905d-cf15f17113e9] Microsoft.EntityFrameworkCore.Database.Command Executed DbCommand (1ms) [Parameters=[@p1='?' (DbType = Int32), @p0='?' (DbType = DateTime), @p2='?' (DbType = DateTime), @p3='?' (DbType = DateTime), @p4='?' (DbType = DateTime), @p5='?', @p6='?'], CommandType='"Text"', CommandTimeout='30']
UPDATE refresh_tokens SET revoked_at = @p0
WHERE "Id" = @p1;
INSERT INTO refresh_tokens (created_at, expires_at, revoked_at, token, user_id)
VALUES (@p2, @p3, @p4, @p5, @p6)
RETURNING "Id";
2026-06-04 03:58:27.206 -05:00 [INF] [a1cff1b1-6631-4107-905d-cf15f17113e9] Microsoft.EntityFrameworkCore.Database.Command Executed DbCommand (1ms) [Parameters=[@userId='?'], CommandType='"Text"', CommandTimeout='30']
SELECT a0."Name"
FROM "AspNetUserRoles" AS a
INNER JOIN "AspNetRoles" AS a0 ON a."RoleId" = a0."Id"
WHERE a."UserId" = @userId
2026-06-04 03:58:27.206 -05:00 [DBG] [a1cff1b1-6631-4107-905d-cf15f17113e9] MindedConnections.Api.Services.Auth.AuthService Refresh token rotated for user 3db28be2-44cb-43fd-865c-ee1bcca66e1f
2026-06-04 03:58:27.206 -05:00 [INF] [a1cff1b1-6631-4107-905d-cf15f17113e9] Serilog.AspNetCore.RequestLoggingMiddleware HTTP POST /auth/refresh responded 200 in 16.6ms
2026-06-04 03:58:27.217 -05:00 [INF] [a8801edc-305b-43ea-bf47-730f22e2c4f5] Microsoft.EntityFrameworkCore.Database.Command Executed DbCommand (1ms) [Parameters=[@normalizedEmail='?'], CommandType='"Text"', CommandTimeout='30']
SELECT a."Id", a."AccessFailedCount", a."ConcurrencyStamp", a."CreatedAt", a."Email", a."EmailConfirmed", a."FirstName", a."LastName", a."LockoutEnabled", a."LockoutEnd", a."NormalizedEmail", a."NormalizedUserName", a."PasswordHash", a."PhoneNumber", a."PhoneNumberConfirmed", a."SecurityStamp", a."Timezone", a."TwoFactorEnabled", a."UserName"
FROM "AspNetUsers" AS a
WHERE a."NormalizedEmail" = @normalizedEmail
LIMIT 2
2026-06-04 03:58:27.217 -05:00 [WRN] [a8801edc-305b-43ea-bf47-730f22e2c4f5] MindedConnections.Api.Services.Auth.AuthService Failed login attempt for 
2026-06-04 03:58:27.218 -05:00 [WRN] [a8801edc-305b-43ea-bf47-730f22e2c4f5] Serilog.AspNetCore.RequestLoggingMiddleware HTTP POST /auth/login responded 401 in 1.7ms
2026-06-04 03:58:27.565 -05:00 [INF] [02475375-487d-4b36-bb18-88523fa1f2a4] Microsoft.EntityFrameworkCore.Database.Command Executed DbCommand (1ms) [Parameters=[@normalizedEmail='?'], CommandType='"Text"', CommandTimeout='30']
SELECT a."Id", a."AccessFailedCount", a."ConcurrencyStamp", a."CreatedAt", a."Email", a."EmailConfirmed", a."FirstName", a."LastName", a."LockoutEnabled", a."LockoutEnd", a."NormalizedEmail", a."NormalizedUserName", a."PasswordHash", a."PhoneNumber", a."PhoneNumberConfirmed", a."SecurityStamp", a."Timezone", a."TwoFactorEnabled", a."UserName"
FROM "AspNetUsers" AS a
WHERE a."NormalizedEmail" = @normalizedEmail
LIMIT 2
2026-06-04 03:58:27.565 -05:00 [WRN] [02475375-487d-4b36-bb18-88523fa1f2a4] MindedConnections.Api.Services.Auth.AuthService Failed login attempt for 
2026-06-04 03:58:27.565 -05:00 [WRN] [02475375-487d-4b36-bb18-88523fa1f2a4] Serilog.AspNetCore.RequestLoggingMiddleware HTTP POST /auth/login responded 401 in 2.2ms
2026-06-04 03:58:27.575 -05:00 [INF] [c8a84812-1ce3-47cd-8437-5cc7a479d445] Microsoft.EntityFrameworkCore.Database.Command Executed DbCommand (1ms) [Parameters=[@incomingToken='?'], CommandType='"Text"', CommandTimeout='30']
SELECT r."Id", r.created_at, r.expires_at, r.revoked_at, r.token, r.user_id, a."Id", a."AccessFailedCount", a."ConcurrencyStamp", a."CreatedAt", a."Email", a."EmailConfirmed", a."FirstName", a."LastName", a."LockoutEnabled", a."LockoutEnd", a."NormalizedEmail", a."NormalizedUserName", a."PasswordHash", a."PhoneNumber", a."PhoneNumberConfirmed", a."SecurityStamp", a."Timezone", a."TwoFactorEnabled", a."UserName"
FROM refresh_tokens AS r
INNER JOIN "AspNetUsers" AS a ON r.user_id = a."Id"
WHERE r.token = @incomingToken
LIMIT 2
2026-06-04 03:58:27.577 -05:00 [INF] [c8a84812-1ce3-47cd-8437-5cc7a479d445] Microsoft.EntityFrameworkCore.Database.Command Executed DbCommand (1ms) [Parameters=[@p1='?' (DbType = Int32), @p0='?' (DbType = DateTime), @p2='?' (DbType = DateTime), @p3='?' (DbType = DateTime), @p4='?' (DbType = DateTime), @p5='?', @p6='?'], CommandType='"Text"', CommandTimeout='30']
UPDATE refresh_tokens SET revoked_at = @p0
WHERE "Id" = @p1;
INSERT INTO refresh_tokens (created_at, expires_at, revoked_at, token, user_id)
VALUES (@p2, @p3, @p4, @p5, @p6)
RETURNING "Id";
2026-06-04 03:58:27.581 -05:00 [INF] [c8a84812-1ce3-47cd-8437-5cc7a479d445] Microsoft.EntityFrameworkCore.Database.Command Executed DbCommand (1ms) [Parameters=[@userId='?'], CommandType='"Text"', CommandTimeout='30']
SELECT a0."Name"
FROM "AspNetUserRoles" AS a
INNER JOIN "AspNetRoles" AS a0 ON a."RoleId" = a0."Id"
WHERE a."UserId" = @userId
2026-06-04 03:58:27.582 -05:00 [DBG] [c8a84812-1ce3-47cd-8437-5cc7a479d445] MindedConnections.Api.Services.Auth.AuthService Refresh token rotated for user 3db28be2-44cb-43fd-865c-ee1bcca66e1f
2026-06-04 03:58:27.582 -05:00 [INF] [c8a84812-1ce3-47cd-8437-5cc7a479d445] Serilog.AspNetCore.RequestLoggingMiddleware HTTP POST /auth/refresh responded 200 in 8.4ms
2026-06-04 03:58:27.598 -05:00 [INF] [aecf73c8-ffa8-4c4d-a8ac-7035e1f9506f] Microsoft.EntityFrameworkCore.Database.Command Executed DbCommand (1ms) [Parameters=[@normalizedEmail='?'], CommandType='"Text"', CommandTimeout='30']
SELECT a."Id", a."AccessFailedCount", a."ConcurrencyStamp", a."CreatedAt", a."Email", a."EmailConfirmed", a."FirstName", a."LastName", a."LockoutEnabled", a."LockoutEnd", a."NormalizedEmail", a."NormalizedUserName", a."PasswordHash", a."PhoneNumber", a."PhoneNumberConfirmed", a."SecurityStamp", a."Timezone", a."TwoFactorEnabled", a."UserName"
FROM "AspNetUsers" AS a
WHERE a."NormalizedEmail" = @normalizedEmail
LIMIT 2
2026-06-04 03:58:27.600 -05:00 [WRN] [aecf73c8-ffa8-4c4d-a8ac-7035e1f9506f] MindedConnections.Api.Services.Auth.AuthService Failed login attempt for 
2026-06-04 03:58:27.601 -05:00 [WRN] [aecf73c8-ffa8-4c4d-a8ac-7035e1f9506f] Serilog.AspNetCore.RequestLoggingMiddleware HTTP POST /auth/login responded 401 in 5.2ms
2026-06-04 03:58:28.003 -05:00 [INF] [af8aff57-42d7-4ddf-9df1-29c2bea6cf9e] Microsoft.EntityFrameworkCore.Database.Command Executed DbCommand (1ms) [Parameters=[@normalizedEmail='?'], CommandType='"Text"', CommandTimeout='30']
SELECT a."Id", a."AccessFailedCount", a."ConcurrencyStamp", a."CreatedAt", a."Email", a."EmailConfirmed", a."FirstName", a."LastName", a."LockoutEnabled", a."LockoutEnd", a."NormalizedEmail", a."NormalizedUserName", a."PasswordHash", a."PhoneNumber", a."PhoneNumberConfirmed", a."SecurityStamp", a."Timezone", a."TwoFactorEnabled", a."UserName"
FROM "AspNetUsers" AS a
WHERE a."NormalizedEmail" = @normalizedEmail
LIMIT 2
2026-06-04 03:58:28.003 -05:00 [WRN] [af8aff57-42d7-4ddf-9df1-29c2bea6cf9e] MindedConnections.Api.Services.Auth.AuthService Failed login attempt for 
2026-06-04 03:58:28.003 -05:00 [WRN] [af8aff57-42d7-4ddf-9df1-29c2bea6cf9e] Serilog.AspNetCore.RequestLoggingMiddleware HTTP POST /auth/login responded 401 in 1.7ms
2026-06-04 03:58:28.013 -05:00 [INF] [0f4d73f0-2b1c-460f-9f82-6f77554d8147] Microsoft.EntityFrameworkCore.Database.Command Executed DbCommand (1ms) [Parameters=[@incomingToken='?'], CommandType='"Text"', CommandTimeout='30']
SELECT r."Id", r.created_at, r.expires_at, r.revoked_at, r.token, r.user_id, a."Id", a."AccessFailedCount", a."ConcurrencyStamp", a."CreatedAt", a."Email", a."EmailConfirmed", a."FirstName", a."LastName", a."LockoutEnabled", a."LockoutEnd", a."NormalizedEmail", a."NormalizedUserName", a."PasswordHash", a."PhoneNumber", a."PhoneNumberConfirmed", a."SecurityStamp", a."Timezone", a."TwoFactorEnabled", a."UserName"
FROM refresh_tokens AS r
INNER JOIN "AspNetUsers" AS a ON r.user_id = a."Id"
WHERE r.token = @incomingToken
LIMIT 2
2026-06-04 03:58:28.014 -05:00 [INF] [0f4d73f0-2b1c-460f-9f82-6f77554d8147] Microsoft.EntityFrameworkCore.Database.Command Executed DbCommand (1ms) [Parameters=[@p1='?' (DbType = Int32), @p0='?' (DbType = DateTime), @p2='?' (DbType = DateTime), @p3='?' (DbType = DateTime), @p4='?' (DbType = DateTime), @p5='?', @p6='?'], CommandType='"Text"', CommandTimeout='30']
UPDATE refresh_tokens SET revoked_at = @p0
WHERE "Id" = @p1;
INSERT INTO refresh_tokens (created_at, expires_at, revoked_at, token, user_id)
VALUES (@p2, @p3, @p4, @p5, @p6)
RETURNING "Id";
2026-06-04 03:58:28.028 -05:00 [INF] [0f4d73f0-2b1c-460f-9f82-6f77554d8147] Microsoft.EntityFrameworkCore.Database.Command Executed DbCommand (1ms) [Parameters=[@userId='?'], CommandType='"Text"', CommandTimeout='30']
SELECT a0."Name"
FROM "AspNetUserRoles" AS a
INNER JOIN "AspNetRoles" AS a0 ON a."RoleId" = a0."Id"
WHERE a."UserId" = @userId
2026-06-04 03:58:28.028 -05:00 [DBG] [0f4d73f0-2b1c-460f-9f82-6f77554d8147] MindedConnections.Api.Services.Auth.AuthService Refresh token rotated for user 3db28be2-44cb-43fd-865c-ee1bcca66e1f
2026-06-04 03:58:28.028 -05:00 [INF] [0f4d73f0-2b1c-460f-9f82-6f77554d8147] Serilog.AspNetCore.RequestLoggingMiddleware HTTP POST /auth/refresh responded 200 in 17.1ms
2026-06-04 03:58:28.039 -05:00 [INF] [f605aa9c-a294-4554-be54-c2edf1ad4e54] Microsoft.EntityFrameworkCore.Database.Command Executed DbCommand (1ms) [Parameters=[@normalizedEmail='?'], CommandType='"Text"', CommandTimeout='30']
SELECT a."Id", a."AccessFailedCount", a."ConcurrencyStamp", a."CreatedAt", a."Email", a."EmailConfirmed", a."FirstName", a."LastName", a."LockoutEnabled", a."LockoutEnd", a."NormalizedEmail", a."NormalizedUserName", a."PasswordHash", a."PhoneNumber", a."PhoneNumberConfirmed", a."SecurityStamp", a."Timezone", a."TwoFactorEnabled", a."UserName"
FROM "AspNetUsers" AS a
WHERE a."NormalizedEmail" = @normalizedEmail
LIMIT 2
2026-06-04 03:58:28.039 -05:00 [WRN] [f605aa9c-a294-4554-be54-c2edf1ad4e54] MindedConnections.Api.Services.Auth.AuthService Failed login attempt for 
2026-06-04 03:58:28.040 -05:00 [WRN] [f605aa9c-a294-4554-be54-c2edf1ad4e54] Serilog.AspNetCore.RequestLoggingMiddleware HTTP POST /auth/login responded 401 in 1.6ms
2026-06-04 03:58:28.431 -05:00 [INF] [61af3507-024f-437c-b03a-3d00b5ecddf7] Microsoft.EntityFrameworkCore.Database.Command Executed DbCommand (1ms) [Parameters=[@normalizedEmail='?'], CommandType='"Text"', CommandTimeout='30']
SELECT a."Id", a."AccessFailedCount", a."ConcurrencyStamp", a."CreatedAt", a."Email", a."EmailConfirmed", a."FirstName", a."LastName", a."LockoutEnabled", a."LockoutEnd", a."NormalizedEmail", a."NormalizedUserName", a."PasswordHash", a."PhoneNumber", a."PhoneNumberConfirmed", a."SecurityStamp", a."Timezone", a."TwoFactorEnabled", a."UserName"
FROM "AspNetUsers" AS a
WHERE a."NormalizedEmail" = @normalizedEmail
LIMIT 2
2026-06-04 03:58:28.431 -05:00 [WRN] [61af3507-024f-437c-b03a-3d00b5ecddf7] MindedConnections.Api.Services.Auth.AuthService Failed login attempt for 
2026-06-04 03:58:28.431 -05:00 [WRN] [61af3507-024f-437c-b03a-3d00b5ecddf7] Serilog.AspNetCore.RequestLoggingMiddleware HTTP POST /auth/login responded 401 in 1.8ms
2026-06-04 03:58:28.440 -05:00 [INF] [045c9dbc-030a-470c-9aed-51a1d975aba8] Microsoft.EntityFrameworkCore.Database.Command Executed DbCommand (1ms) [Parameters=[@incomingToken='?'], CommandType='"Text"', CommandTimeout='30']
SELECT r."Id", r.created_at, r.expires_at, r.revoked_at, r.token, r.user_id, a."Id", a."AccessFailedCount", a."ConcurrencyStamp", a."CreatedAt", a."Email", a."EmailConfirmed", a."FirstName", a."LastName", a."LockoutEnabled", a."LockoutEnd", a."NormalizedEmail", a."NormalizedUserName", a."PasswordHash", a."PhoneNumber", a."PhoneNumberConfirmed", a."SecurityStamp", a."Timezone", a."TwoFactorEnabled", a."UserName"
FROM refresh_tokens AS r
INNER JOIN "AspNetUsers" AS a ON r.user_id = a."Id"
WHERE r.token = @incomingToken
LIMIT 2
2026-06-04 03:58:28.442 -05:00 [INF] [045c9dbc-030a-470c-9aed-51a1d975aba8] Microsoft.EntityFrameworkCore.Database.Command Executed DbCommand (1ms) [Parameters=[@p1='?' (DbType = Int32), @p0='?' (DbType = DateTime), @p2='?' (DbType = DateTime), @p3='?' (DbType = DateTime), @p4='?' (DbType = DateTime), @p5='?', @p6='?'], CommandType='"Text"', CommandTimeout='30']
UPDATE refresh_tokens SET revoked_at = @p0
WHERE "Id" = @p1;
INSERT INTO refresh_tokens (created_at, expires_at, revoked_at, token, user_id)
VALUES (@p2, @p3, @p4, @p5, @p6)
RETURNING "Id";
2026-06-04 03:58:28.455 -05:00 [INF] [045c9dbc-030a-470c-9aed-51a1d975aba8] Microsoft.EntityFrameworkCore.Database.Command Executed DbCommand (1ms) [Parameters=[@userId='?'], CommandType='"Text"', CommandTimeout='30']
SELECT a0."Name"
FROM "AspNetUserRoles" AS a
INNER JOIN "AspNetRoles" AS a0 ON a."RoleId" = a0."Id"
WHERE a."UserId" = @userId
2026-06-04 03:58:28.455 -05:00 [DBG] [045c9dbc-030a-470c-9aed-51a1d975aba8] MindedConnections.Api.Services.Auth.AuthService Refresh token rotated for user 3db28be2-44cb-43fd-865c-ee1bcca66e1f
2026-06-04 03:58:28.455 -05:00 [INF] [045c9dbc-030a-470c-9aed-51a1d975aba8] Serilog.AspNetCore.RequestLoggingMiddleware HTTP POST /auth/refresh responded 200 in 16.7ms
2026-06-04 03:58:28.465 -05:00 [INF] [e9803980-1730-4245-8f2e-ef411a00339e] Microsoft.EntityFrameworkCore.Database.Command Executed DbCommand (1ms) [Parameters=[@normalizedEmail='?'], CommandType='"Text"', CommandTimeout='30']
SELECT a."Id", a."AccessFailedCount", a."ConcurrencyStamp", a."CreatedAt", a."Email", a."EmailConfirmed", a."FirstName", a."LastName", a."LockoutEnabled", a."LockoutEnd", a."NormalizedEmail", a."NormalizedUserName", a."PasswordHash", a."PhoneNumber", a."PhoneNumberConfirmed", a."SecurityStamp", a."Timezone", a."TwoFactorEnabled", a."UserName"
FROM "AspNetUsers" AS a
WHERE a."NormalizedEmail" = @normalizedEmail
LIMIT 2
2026-06-04 03:58:28.465 -05:00 [WRN] [e9803980-1730-4245-8f2e-ef411a00339e] MindedConnections.Api.Services.Auth.AuthService Failed login attempt for 
2026-06-04 03:58:28.465 -05:00 [WRN] [e9803980-1730-4245-8f2e-ef411a00339e] Serilog.AspNetCore.RequestLoggingMiddleware HTTP POST /auth/login responded 401 in 1.6ms
2026-06-04 03:58:33.900 -05:00 [INF] [c0bfa626-1d56-464f-8bb0-a2a84ff59c84] Microsoft.EntityFrameworkCore.Database.Command Executed DbCommand (1ms) [Parameters=[@normalizedEmail='?'], CommandType='"Text"', CommandTimeout='30']
SELECT a."Id", a."AccessFailedCount", a."ConcurrencyStamp", a."CreatedAt", a."Email", a."EmailConfirmed", a."FirstName", a."LastName", a."LockoutEnabled", a."LockoutEnd", a."NormalizedEmail", a."NormalizedUserName", a."PasswordHash", a."PhoneNumber", a."PhoneNumberConfirmed", a."SecurityStamp", a."Timezone", a."TwoFactorEnabled", a."UserName"
FROM "AspNetUsers" AS a
WHERE a."NormalizedEmail" = @normalizedEmail
LIMIT 2
2026-06-04 03:58:33.900 -05:00 [WRN] [c0bfa626-1d56-464f-8bb0-a2a84ff59c84] MindedConnections.Api.Services.Auth.AuthService Failed login attempt for 
2026-06-04 03:58:33.900 -05:00 [WRN] [c0bfa626-1d56-464f-8bb0-a2a84ff59c84] Serilog.AspNetCore.RequestLoggingMiddleware HTTP POST /auth/login responded 401 in 1.7ms
2026-06-04 03:58:33.909 -05:00 [INF] [40a08ddf-d3f0-4567-b6e3-e9a634454c47] Microsoft.EntityFrameworkCore.Database.Command Executed DbCommand (1ms) [Parameters=[@incomingToken='?'], CommandType='"Text"', CommandTimeout='30']
SELECT r."Id", r.created_at, r.expires_at, r.revoked_at, r.token, r.user_id, a."Id", a."AccessFailedCount", a."ConcurrencyStamp", a."CreatedAt", a."Email", a."EmailConfirmed", a."FirstName", a."LastName", a."LockoutEnabled", a."LockoutEnd", a."NormalizedEmail", a."NormalizedUserName", a."PasswordHash", a."PhoneNumber", a."PhoneNumberConfirmed", a."SecurityStamp", a."Timezone", a."TwoFactorEnabled", a."UserName"
FROM refresh_tokens AS r
INNER JOIN "AspNetUsers" AS a ON r.user_id = a."Id"
WHERE r.token = @incomingToken
LIMIT 2
2026-06-04 03:58:33.910 -05:00 [INF] [40a08ddf-d3f0-4567-b6e3-e9a634454c47] Microsoft.EntityFrameworkCore.Database.Command Executed DbCommand (1ms) [Parameters=[@p1='?' (DbType = Int32), @p0='?' (DbType = DateTime), @p2='?' (DbType = DateTime), @p3='?' (DbType = DateTime), @p4='?' (DbType = DateTime), @p5='?', @p6='?'], CommandType='"Text"', CommandTimeout='30']
UPDATE refresh_tokens SET revoked_at = @p0
WHERE "Id" = @p1;
INSERT INTO refresh_tokens (created_at, expires_at, revoked_at, token, user_id)
VALUES (@p2, @p3, @p4, @p5, @p6)
RETURNING "Id";
2026-06-04 03:58:33.919 -05:00 [INF] [40a08ddf-d3f0-4567-b6e3-e9a634454c47] Microsoft.EntityFrameworkCore.Database.Command Executed DbCommand (1ms) [Parameters=[@userId='?'], CommandType='"Text"', CommandTimeout='30']
SELECT a0."Name"
FROM "AspNetUserRoles" AS a
INNER JOIN "AspNetRoles" AS a0 ON a."RoleId" = a0."Id"
WHERE a."UserId" = @userId
2026-06-04 03:58:33.919 -05:00 [DBG] [40a08ddf-d3f0-4567-b6e3-e9a634454c47] MindedConnections.Api.Services.Auth.AuthService Refresh token rotated for user 3db28be2-44cb-43fd-865c-ee1bcca66e1f
2026-06-04 03:58:33.919 -05:00 [INF] [40a08ddf-d3f0-4567-b6e3-e9a634454c47] Serilog.AspNetCore.RequestLoggingMiddleware HTTP POST /auth/refresh responded 200 in 11.9ms
2026-06-04 03:58:33.929 -05:00 [INF] [afbf7835-1744-41a2-875b-04ee8a5bbd93] Microsoft.EntityFrameworkCore.Database.Command Executed DbCommand (1ms) [Parameters=[@normalizedEmail='?'], CommandType='"Text"', CommandTimeout='30']
SELECT a."Id", a."AccessFailedCount", a."ConcurrencyStamp", a."CreatedAt", a."Email", a."EmailConfirmed", a."FirstName", a."LastName", a."LockoutEnabled", a."LockoutEnd", a."NormalizedEmail", a."NormalizedUserName", a."PasswordHash", a."PhoneNumber", a."PhoneNumberConfirmed", a."SecurityStamp", a."Timezone", a."TwoFactorEnabled", a."UserName"
FROM "AspNetUsers" AS a
WHERE a."NormalizedEmail" = @normalizedEmail
LIMIT 2
2026-06-04 03:58:33.929 -05:00 [WRN] [afbf7835-1744-41a2-875b-04ee8a5bbd93] MindedConnections.Api.Services.Auth.AuthService Failed login attempt for 
2026-06-04 03:58:33.930 -05:00 [WRN] [afbf7835-1744-41a2-875b-04ee8a5bbd93] Serilog.AspNetCore.RequestLoggingMiddleware HTTP POST /auth/login responded 401 in 1.8ms
2026-06-04 03:58:34.361 -05:00 [INF] [65b01f09-9b8d-4675-b4ba-6b49cbf391e1] Microsoft.EntityFrameworkCore.Database.Command Executed DbCommand (1ms) [Parameters=[@normalizedEmail='?'], CommandType='"Text"', CommandTimeout='30']
SELECT a."Id", a."AccessFailedCount", a."ConcurrencyStamp", a."CreatedAt", a."Email", a."EmailConfirmed", a."FirstName", a."LastName", a."LockoutEnabled", a."LockoutEnd", a."NormalizedEmail", a."NormalizedUserName", a."PasswordHash", a."PhoneNumber", a."PhoneNumberConfirmed", a."SecurityStamp", a."Timezone", a."TwoFactorEnabled", a."UserName"
FROM "AspNetUsers" AS a
WHERE a."NormalizedEmail" = @normalizedEmail
LIMIT 2
2026-06-04 03:58:34.361 -05:00 [WRN] [65b01f09-9b8d-4675-b4ba-6b49cbf391e1] MindedConnections.Api.Services.Auth.AuthService Failed login attempt for 
2026-06-04 03:58:34.361 -05:00 [WRN] [65b01f09-9b8d-4675-b4ba-6b49cbf391e1] Serilog.AspNetCore.RequestLoggingMiddleware HTTP POST /auth/login responded 401 in 2.0ms
2026-06-04 03:58:34.371 -05:00 [INF] [c41ed7ab-dcef-44c8-9307-705eb27e2192] Microsoft.EntityFrameworkCore.Database.Command Executed DbCommand (1ms) [Parameters=[@incomingToken='?'], CommandType='"Text"', CommandTimeout='30']
SELECT r."Id", r.created_at, r.expires_at, r.revoked_at, r.token, r.user_id, a."Id", a."AccessFailedCount", a."ConcurrencyStamp", a."CreatedAt", a."Email", a."EmailConfirmed", a."FirstName", a."LastName", a."LockoutEnabled", a."LockoutEnd", a."NormalizedEmail", a."NormalizedUserName", a."PasswordHash", a."PhoneNumber", a."PhoneNumberConfirmed", a."SecurityStamp", a."Timezone", a."TwoFactorEnabled", a."UserName"
FROM refresh_tokens AS r
INNER JOIN "AspNetUsers" AS a ON r.user_id = a."Id"
WHERE r.token = @incomingToken
LIMIT 2
2026-06-04 03:58:34.372 -05:00 [INF] [c41ed7ab-dcef-44c8-9307-705eb27e2192] Microsoft.EntityFrameworkCore.Database.Command Executed DbCommand (1ms) [Parameters=[@p1='?' (DbType = Int32), @p0='?' (DbType = DateTime), @p2='?' (DbType = DateTime), @p3='?' (DbType = DateTime), @p4='?' (DbType = DateTime), @p5='?', @p6='?'], CommandType='"Text"', CommandTimeout='30']
UPDATE refresh_tokens SET revoked_at = @p0
WHERE "Id" = @p1;
INSERT INTO refresh_tokens (created_at, expires_at, revoked_at, token, user_id)
VALUES (@p2, @p3, @p4, @p5, @p6)
RETURNING "Id";
2026-06-04 03:58:34.380 -05:00 [INF] [c41ed7ab-dcef-44c8-9307-705eb27e2192] Microsoft.EntityFrameworkCore.Database.Command Executed DbCommand (1ms) [Parameters=[@userId='?'], CommandType='"Text"', CommandTimeout='30']
SELECT a0."Name"
FROM "AspNetUserRoles" AS a
INNER JOIN "AspNetRoles" AS a0 ON a."RoleId" = a0."Id"
WHERE a."UserId" = @userId
2026-06-04 03:58:34.380 -05:00 [DBG] [c41ed7ab-dcef-44c8-9307-705eb27e2192] MindedConnections.Api.Services.Auth.AuthService Refresh token rotated for user 3db28be2-44cb-43fd-865c-ee1bcca66e1f
2026-06-04 03:58:34.380 -05:00 [INF] [c41ed7ab-dcef-44c8-9307-705eb27e2192] Serilog.AspNetCore.RequestLoggingMiddleware HTTP POST /auth/refresh responded 200 in 11.0ms
2026-06-04 03:58:34.392 -05:00 [INF] [7841bac8-efe2-4b5f-9702-7750404bdeac] Microsoft.EntityFrameworkCore.Database.Command Executed DbCommand (1ms) [Parameters=[@normalizedEmail='?'], CommandType='"Text"', CommandTimeout='30']
SELECT a."Id", a."AccessFailedCount", a."ConcurrencyStamp", a."CreatedAt", a."Email", a."EmailConfirmed", a."FirstName", a."LastName", a."LockoutEnabled", a."LockoutEnd", a."NormalizedEmail", a."NormalizedUserName", a."PasswordHash", a."PhoneNumber", a."PhoneNumberConfirmed", a."SecurityStamp", a."Timezone", a."TwoFactorEnabled", a."UserName"
FROM "AspNetUsers" AS a
WHERE a."NormalizedEmail" = @normalizedEmail
LIMIT 2
2026-06-04 03:58:34.392 -05:00 [WRN] [7841bac8-efe2-4b5f-9702-7750404bdeac] MindedConnections.Api.Services.Auth.AuthService Failed login attempt for 
2026-06-04 03:58:34.392 -05:00 [WRN] [7841bac8-efe2-4b5f-9702-7750404bdeac] Serilog.AspNetCore.RequestLoggingMiddleware HTTP POST /auth/login responded 401 in 1.8ms
2026-06-04 03:58:35.902 -05:00 [INF] [2f280c8d-8b88-4f22-9f60-cd0d7aa20182] Microsoft.EntityFrameworkCore.Database.Command Executed DbCommand (2ms) [Parameters=[@incomingToken='?'], CommandType='"Text"', CommandTimeout='30']
SELECT r."Id", r.created_at, r.expires_at, r.revoked_at, r.token, r.user_id, a."Id", a."AccessFailedCount", a."ConcurrencyStamp", a."CreatedAt", a."Email", a."EmailConfirmed", a."FirstName", a."LastName", a."LockoutEnabled", a."LockoutEnd", a."NormalizedEmail", a."NormalizedUserName", a."PasswordHash", a."PhoneNumber", a."PhoneNumberConfirmed", a."SecurityStamp", a."Timezone", a."TwoFactorEnabled", a."UserName"
FROM refresh_tokens AS r
INNER JOIN "AspNetUsers" AS a ON r.user_id = a."Id"
WHERE r.token = @incomingToken
LIMIT 2
2026-06-04 03:58:35.904 -05:00 [INF] [2f280c8d-8b88-4f22-9f60-cd0d7aa20182] Microsoft.EntityFrameworkCore.Database.Command Executed DbCommand (1ms) [Parameters=[@p1='?' (DbType = Int32), @p0='?' (DbType = DateTime), @p2='?' (DbType = DateTime), @p3='?' (DbType = DateTime), @p4='?' (DbType = DateTime), @p5='?', @p6='?'], CommandType='"Text"', CommandTimeout='30']
UPDATE refresh_tokens SET revoked_at = @p0
WHERE "Id" = @p1;
INSERT INTO refresh_tokens (created_at, expires_at, revoked_at, token, user_id)
VALUES (@p2, @p3, @p4, @p5, @p6)
RETURNING "Id";
2026-06-04 03:58:35.922 -05:00 [INF] [2f280c8d-8b88-4f22-9f60-cd0d7aa20182] Microsoft.EntityFrameworkCore.Database.Command Executed DbCommand (1ms) [Parameters=[@userId='?'], CommandType='"Text"', CommandTimeout='30']
SELECT a0."Name"
FROM "AspNetUserRoles" AS a
INNER JOIN "AspNetRoles" AS a0 ON a."RoleId" = a0."Id"
WHERE a."UserId" = @userId
2026-06-04 03:58:35.923 -05:00 [DBG] [2f280c8d-8b88-4f22-9f60-cd0d7aa20182] MindedConnections.Api.Services.Auth.AuthService Refresh token rotated for user 3db28be2-44cb-43fd-865c-ee1bcca66e1f
2026-06-04 03:58:35.924 -05:00 [INF] [2f280c8d-8b88-4f22-9f60-cd0d7aa20182] Serilog.AspNetCore.RequestLoggingMiddleware HTTP POST /auth/refresh responded 200 in 23.7ms
2026-06-04 03:58:36.044 -05:00 [INF] [1f44d8cd-cab8-4b41-87eb-3be4515be653] Microsoft.EntityFrameworkCore.Database.Command Executed DbCommand (1ms) [Parameters=[@p='?'], CommandType='"Text"', CommandTimeout='30']
SELECT a."Id", a."AccessFailedCount", a."ConcurrencyStamp", a."CreatedAt", a."Email", a."EmailConfirmed", a."FirstName", a."LastName", a."LockoutEnabled", a."LockoutEnd", a."NormalizedEmail", a."NormalizedUserName", a."PasswordHash", a."PhoneNumber", a."PhoneNumberConfirmed", a."SecurityStamp", a."Timezone", a."TwoFactorEnabled", a."UserName"
FROM "AspNetUsers" AS a
WHERE a."Id" = @p
LIMIT 1
2026-06-04 03:58:36.046 -05:00 [INF] [1f44d8cd-cab8-4b41-87eb-3be4515be653] Microsoft.EntityFrameworkCore.Database.Command Executed DbCommand (1ms) [Parameters=[@userId='?'], CommandType='"Text"', CommandTimeout='30']
SELECT a0."Name"
FROM "AspNetUserRoles" AS a
INNER JOIN "AspNetRoles" AS a0 ON a."RoleId" = a0."Id"
WHERE a."UserId" = @userId
2026-06-04 03:58:36.047 -05:00 [INF] [1f44d8cd-cab8-4b41-87eb-3be4515be653] Serilog.AspNetCore.RequestLoggingMiddleware HTTP GET /auth/me responded 200 in 4.4ms
2026-06-04 03:58:36.689 -05:00 [INF] [f59d0d54-442d-4295-bfaa-6cad785b10e8] Microsoft.EntityFrameworkCore.Database.Command Executed DbCommand (1ms) [Parameters=[@normalizedEmail='?'], CommandType='"Text"', CommandTimeout='30']
SELECT a."Id", a."AccessFailedCount", a."ConcurrencyStamp", a."CreatedAt", a."Email", a."EmailConfirmed", a."FirstName", a."LastName", a."LockoutEnabled", a."LockoutEnd", a."NormalizedEmail", a."NormalizedUserName", a."PasswordHash", a."PhoneNumber", a."PhoneNumberConfirmed", a."SecurityStamp", a."Timezone", a."TwoFactorEnabled", a."UserName"
FROM "AspNetUsers" AS a
WHERE a."NormalizedEmail" = @normalizedEmail
LIMIT 2
2026-06-04 03:58:36.696 -05:00 [WRN] [f59d0d54-442d-4295-bfaa-6cad785b10e8] MindedConnections.Api.Services.Auth.AuthService Failed login attempt for 
2026-06-04 03:58:36.696 -05:00 [WRN] [f59d0d54-442d-4295-bfaa-6cad785b10e8] Serilog.AspNetCore.RequestLoggingMiddleware HTTP POST /auth/login responded 401 in 8.3ms
2026-06-04 03:58:36.706 -05:00 [INF] [4e8d0e0d-0ae2-429c-b930-b5009f2bd578] Microsoft.EntityFrameworkCore.Database.Command Executed DbCommand (1ms) [Parameters=[@incomingToken='?'], CommandType='"Text"', CommandTimeout='30']
SELECT r."Id", r.created_at, r.expires_at, r.revoked_at, r.token, r.user_id, a."Id", a."AccessFailedCount", a."ConcurrencyStamp", a."CreatedAt", a."Email", a."EmailConfirmed", a."FirstName", a."LastName", a."LockoutEnabled", a."LockoutEnd", a."NormalizedEmail", a."NormalizedUserName", a."PasswordHash", a."PhoneNumber", a."PhoneNumberConfirmed", a."SecurityStamp", a."Timezone", a."TwoFactorEnabled", a."UserName"
FROM refresh_tokens AS r
INNER JOIN "AspNetUsers" AS a ON r.user_id = a."Id"
WHERE r.token = @incomingToken
LIMIT 2
2026-06-04 03:58:36.708 -05:00 [INF] [4e8d0e0d-0ae2-429c-b930-b5009f2bd578] Microsoft.EntityFrameworkCore.Database.Command Executed DbCommand (1ms) [Parameters=[@p1='?' (DbType = Int32), @p0='?' (DbType = DateTime), @p2='?' (DbType = DateTime), @p3='?' (DbType = DateTime), @p4='?' (DbType = DateTime), @p5='?', @p6='?'], CommandType='"Text"', CommandTimeout='30']
UPDATE refresh_tokens SET revoked_at = @p0
WHERE "Id" = @p1;
INSERT INTO refresh_tokens (created_at, expires_at, revoked_at, token, user_id)
VALUES (@p2, @p3, @p4, @p5, @p6)
RETURNING "Id";
2026-06-04 03:58:36.715 -05:00 [INF] [4e8d0e0d-0ae2-429c-b930-b5009f2bd578] Microsoft.EntityFrameworkCore.Database.Command Executed DbCommand (1ms) [Parameters=[@userId='?'], CommandType='"Text"', CommandTimeout='30']
SELECT a0."Name"
FROM "AspNetUserRoles" AS a
INNER JOIN "AspNetRoles" AS a0 ON a."RoleId" = a0."Id"
WHERE a."UserId" = @userId
2026-06-04 03:58:36.715 -05:00 [DBG] [4e8d0e0d-0ae2-429c-b930-b5009f2bd578] MindedConnections.Api.Services.Auth.AuthService Refresh token rotated for user 3db28be2-44cb-43fd-865c-ee1bcca66e1f
2026-06-04 03:58:36.715 -05:00 [INF] [4e8d0e0d-0ae2-429c-b930-b5009f2bd578] Serilog.AspNetCore.RequestLoggingMiddleware HTTP POST /auth/refresh responded 200 in 10.4ms
2026-06-04 03:58:36.726 -05:00 [INF] [bcb89455-ed13-4778-8c54-130fe17b0e3b] Microsoft.EntityFrameworkCore.Database.Command Executed DbCommand (1ms) [Parameters=[@normalizedEmail='?'], CommandType='"Text"', CommandTimeout='30']
SELECT a."Id", a."AccessFailedCount", a."ConcurrencyStamp", a."CreatedAt", a."Email", a."EmailConfirmed", a."FirstName", a."LastName", a."LockoutEnabled", a."LockoutEnd", a."NormalizedEmail", a."NormalizedUserName", a."PasswordHash", a."PhoneNumber", a."PhoneNumberConfirmed", a."SecurityStamp", a."Timezone", a."TwoFactorEnabled", a."UserName"
FROM "AspNetUsers" AS a
WHERE a."NormalizedEmail" = @normalizedEmail
LIMIT 2
2026-06-04 03:58:36.726 -05:00 [WRN] [bcb89455-ed13-4778-8c54-130fe17b0e3b] MindedConnections.Api.Services.Auth.AuthService Failed login attempt for 
2026-06-04 03:58:36.726 -05:00 [WRN] [bcb89455-ed13-4778-8c54-130fe17b0e3b] Serilog.AspNetCore.RequestLoggingMiddleware HTTP POST /auth/login responded 401 in 1.8ms
2026-06-04 03:58:37.127 -05:00 [INF] [5b634b2c-2bb6-4730-9841-9f9c58ee39c9] Microsoft.EntityFrameworkCore.Database.Command Executed DbCommand (1ms) [Parameters=[@normalizedEmail='?'], CommandType='"Text"', CommandTimeout='30']
SELECT a."Id", a."AccessFailedCount", a."ConcurrencyStamp", a."CreatedAt", a."Email", a."EmailConfirmed", a."FirstName", a."LastName", a."LockoutEnabled", a."LockoutEnd", a."NormalizedEmail", a."NormalizedUserName", a."PasswordHash", a."PhoneNumber", a."PhoneNumberConfirmed", a."SecurityStamp", a."Timezone", a."TwoFactorEnabled", a."UserName"
FROM "AspNetUsers" AS a
WHERE a."NormalizedEmail" = @normalizedEmail
LIMIT 2
2026-06-04 03:58:37.127 -05:00 [WRN] [5b634b2c-2bb6-4730-9841-9f9c58ee39c9] MindedConnections.Api.Services.Auth.AuthService Failed login attempt for 
2026-06-04 03:58:37.127 -05:00 [WRN] [5b634b2c-2bb6-4730-9841-9f9c58ee39c9] Serilog.AspNetCore.RequestLoggingMiddleware HTTP POST /auth/login responded 401 in 1.9ms
2026-06-04 03:58:37.135 -05:00 [INF] [eae86646-32c5-46bf-bd03-27a4db76381c] Microsoft.EntityFrameworkCore.Database.Command Executed DbCommand (1ms) [Parameters=[@incomingToken='?'], CommandType='"Text"', CommandTimeout='30']
SELECT r."Id", r.created_at, r.expires_at, r.revoked_at, r.token, r.user_id, a."Id", a."AccessFailedCount", a."ConcurrencyStamp", a."CreatedAt", a."Email", a."EmailConfirmed", a."FirstName", a."LastName", a."LockoutEnabled", a."LockoutEnd", a."NormalizedEmail", a."NormalizedUserName", a."PasswordHash", a."PhoneNumber", a."PhoneNumberConfirmed", a."SecurityStamp", a."Timezone", a."TwoFactorEnabled", a."UserName"
FROM refresh_tokens AS r
INNER JOIN "AspNetUsers" AS a ON r.user_id = a."Id"
WHERE r.token = @incomingToken
LIMIT 2
2026-06-04 03:58:37.137 -05:00 [INF] [eae86646-32c5-46bf-bd03-27a4db76381c] Microsoft.EntityFrameworkCore.Database.Command Executed DbCommand (1ms) [Parameters=[@p1='?' (DbType = Int32), @p0='?' (DbType = DateTime), @p2='?' (DbType = DateTime), @p3='?' (DbType = DateTime), @p4='?' (DbType = DateTime), @p5='?', @p6='?'], CommandType='"Text"', CommandTimeout='30']
UPDATE refresh_tokens SET revoked_at = @p0
WHERE "Id" = @p1;
INSERT INTO refresh_tokens (created_at, expires_at, revoked_at, token, user_id)
VALUES (@p2, @p3, @p4, @p5, @p6)
RETURNING "Id";
2026-06-04 03:58:37.143 -05:00 [INF] [eae86646-32c5-46bf-bd03-27a4db76381c] Microsoft.EntityFrameworkCore.Database.Command Executed DbCommand (1ms) [Parameters=[@userId='?'], CommandType='"Text"', CommandTimeout='30']
SELECT a0."Name"
FROM "AspNetUserRoles" AS a
INNER JOIN "AspNetRoles" AS a0 ON a."RoleId" = a0."Id"
WHERE a."UserId" = @userId
2026-06-04 03:58:37.143 -05:00 [DBG] [eae86646-32c5-46bf-bd03-27a4db76381c] MindedConnections.Api.Services.Auth.AuthService Refresh token rotated for user 3db28be2-44cb-43fd-865c-ee1bcca66e1f
2026-06-04 03:58:37.143 -05:00 [INF] [eae86646-32c5-46bf-bd03-27a4db76381c] Serilog.AspNetCore.RequestLoggingMiddleware HTTP POST /auth/refresh responded 200 in 9.1ms
2026-06-04 03:58:37.154 -05:00 [INF] [10a3107c-941b-4dd0-b6a7-cb65a262b32d] Microsoft.EntityFrameworkCore.Database.Command Executed DbCommand (1ms) [Parameters=[@normalizedEmail='?'], CommandType='"Text"', CommandTimeout='30']
SELECT a."Id", a."AccessFailedCount", a."ConcurrencyStamp", a."CreatedAt", a."Email", a."EmailConfirmed", a."FirstName", a."LastName", a."LockoutEnabled", a."LockoutEnd", a."NormalizedEmail", a."NormalizedUserName", a."PasswordHash", a."PhoneNumber", a."PhoneNumberConfirmed", a."SecurityStamp", a."Timezone", a."TwoFactorEnabled", a."UserName"
FROM "AspNetUsers" AS a
WHERE a."NormalizedEmail" = @normalizedEmail
LIMIT 2
2026-06-04 03:58:37.154 -05:00 [WRN] [10a3107c-941b-4dd0-b6a7-cb65a262b32d] MindedConnections.Api.Services.Auth.AuthService Failed login attempt for 
2026-06-04 03:58:37.154 -05:00 [WRN] [10a3107c-941b-4dd0-b6a7-cb65a262b32d] Serilog.AspNetCore.RequestLoggingMiddleware HTTP POST /auth/login responded 401 in 1.8ms
2026-06-04 03:59:20.381 -05:00 [INF] [c6a4b786-6ac6-4a21-ac44-9065b9a0dfd1] Microsoft.EntityFrameworkCore.Database.Command Executed DbCommand (1ms) [Parameters=[@normalizedEmail='?'], CommandType='"Text"', CommandTimeout='30']
SELECT a."Id", a."AccessFailedCount", a."ConcurrencyStamp", a."CreatedAt", a."Email", a."EmailConfirmed", a."FirstName", a."LastName", a."LockoutEnabled", a."LockoutEnd", a."NormalizedEmail", a."NormalizedUserName", a."PasswordHash", a."PhoneNumber", a."PhoneNumberConfirmed", a."SecurityStamp", a."Timezone", a."TwoFactorEnabled", a."UserName"
FROM "AspNetUsers" AS a
WHERE a."NormalizedEmail" = @normalizedEmail
LIMIT 2
2026-06-04 03:59:20.381 -05:00 [WRN] [c6a4b786-6ac6-4a21-ac44-9065b9a0dfd1] MindedConnections.Api.Services.Auth.AuthService Failed login attempt for 
2026-06-04 03:59:20.381 -05:00 [WRN] [c6a4b786-6ac6-4a21-ac44-9065b9a0dfd1] Serilog.AspNetCore.RequestLoggingMiddleware HTTP POST /auth/login responded 401 in 1.7ms
2026-06-04 03:59:20.410 -05:00 [INF] [87c19e85-34ae-420b-b872-b3afe1d36237] Microsoft.EntityFrameworkCore.Database.Command Executed DbCommand (1ms) [Parameters=[@incomingToken='?'], CommandType='"Text"', CommandTimeout='30']
SELECT r."Id", r.created_at, r.expires_at, r.revoked_at, r.token, r.user_id, a."Id", a."AccessFailedCount", a."ConcurrencyStamp", a."CreatedAt", a."Email", a."EmailConfirmed", a."FirstName", a."LastName", a."LockoutEnabled", a."LockoutEnd", a."NormalizedEmail", a."NormalizedUserName", a."PasswordHash", a."PhoneNumber", a."PhoneNumberConfirmed", a."SecurityStamp", a."Timezone", a."TwoFactorEnabled", a."UserName"
FROM refresh_tokens AS r
INNER JOIN "AspNetUsers" AS a ON r.user_id = a."Id"
WHERE r.token = @incomingToken
LIMIT 2
2026-06-04 03:59:20.411 -05:00 [INF] [87c19e85-34ae-420b-b872-b3afe1d36237] Microsoft.EntityFrameworkCore.Database.Command Executed DbCommand (1ms) [Parameters=[@p1='?' (DbType = Int32), @p0='?' (DbType = DateTime), @p2='?' (DbType = DateTime), @p3='?' (DbType = DateTime), @p4='?' (DbType = DateTime), @p5='?', @p6='?'], CommandType='"Text"', CommandTimeout='30']
UPDATE refresh_tokens SET revoked_at = @p0
WHERE "Id" = @p1;
INSERT INTO refresh_tokens (created_at, expires_at, revoked_at, token, user_id)
VALUES (@p2, @p3, @p4, @p5, @p6)
RETURNING "Id";
2026-06-04 03:59:20.415 -05:00 [INF] [87c19e85-34ae-420b-b872-b3afe1d36237] Microsoft.EntityFrameworkCore.Database.Command Executed DbCommand (1ms) [Parameters=[@userId='?'], CommandType='"Text"', CommandTimeout='30']
SELECT a0."Name"
FROM "AspNetUserRoles" AS a
INNER JOIN "AspNetRoles" AS a0 ON a."RoleId" = a0."Id"
WHERE a."UserId" = @userId
2026-06-04 03:59:20.415 -05:00 [DBG] [87c19e85-34ae-420b-b872-b3afe1d36237] MindedConnections.Api.Services.Auth.AuthService Refresh token rotated for user 3db28be2-44cb-43fd-865c-ee1bcca66e1f
2026-06-04 03:59:20.415 -05:00 [INF] [87c19e85-34ae-420b-b872-b3afe1d36237] Serilog.AspNetCore.RequestLoggingMiddleware HTTP POST /auth/refresh responded 200 in 7.2ms
2026-06-04 03:59:20.428 -05:00 [INF] [f8371acb-4476-4168-914d-43e3f15b841c] Microsoft.EntityFrameworkCore.Database.Command Executed DbCommand (1ms) [Parameters=[@normalizedEmail='?'], CommandType='"Text"', CommandTimeout='30']
SELECT a."Id", a."AccessFailedCount", a."ConcurrencyStamp", a."CreatedAt", a."Email", a."EmailConfirmed", a."FirstName", a."LastName", a."LockoutEnabled", a."LockoutEnd", a."NormalizedEmail", a."NormalizedUserName", a."PasswordHash", a."PhoneNumber", a."PhoneNumberConfirmed", a."SecurityStamp", a."Timezone", a."TwoFactorEnabled", a."UserName"
FROM "AspNetUsers" AS a
WHERE a."NormalizedEmail" = @normalizedEmail
LIMIT 2
2026-06-04 03:59:20.428 -05:00 [WRN] [f8371acb-4476-4168-914d-43e3f15b841c] MindedConnections.Api.Services.Auth.AuthService Failed login attempt for 
2026-06-04 03:59:20.428 -05:00 [WRN] [f8371acb-4476-4168-914d-43e3f15b841c] Serilog.AspNetCore.RequestLoggingMiddleware HTTP POST /auth/login responded 401 in 1.7ms
2026-06-04 03:59:34.553 -05:00 [INF] [78c4e77f-cd83-4fd9-89e9-0aa5503aa40c] Microsoft.EntityFrameworkCore.Database.Command Executed DbCommand (2ms) [Parameters=[@incomingToken='?'], CommandType='"Text"', CommandTimeout='30']
SELECT r."Id", r.created_at, r.expires_at, r.revoked_at, r.token, r.user_id, a."Id", a."AccessFailedCount", a."ConcurrencyStamp", a."CreatedAt", a."Email", a."EmailConfirmed", a."FirstName", a."LastName", a."LockoutEnabled", a."LockoutEnd", a."NormalizedEmail", a."NormalizedUserName", a."PasswordHash", a."PhoneNumber", a."PhoneNumberConfirmed", a."SecurityStamp", a."Timezone", a."TwoFactorEnabled", a."UserName"
FROM refresh_tokens AS r
INNER JOIN "AspNetUsers" AS a ON r.user_id = a."Id"
WHERE r.token = @incomingToken
LIMIT 2
2026-06-04 03:59:34.555 -05:00 [INF] [78c4e77f-cd83-4fd9-89e9-0aa5503aa40c] Microsoft.EntityFrameworkCore.Database.Command Executed DbCommand (2ms) [Parameters=[@p1='?' (DbType = Int32), @p0='?' (DbType = DateTime), @p2='?' (DbType = DateTime), @p3='?' (DbType = DateTime), @p4='?' (DbType = DateTime), @p5='?', @p6='?'], CommandType='"Text"', CommandTimeout='30']
UPDATE refresh_tokens SET revoked_at = @p0
WHERE "Id" = @p1;
INSERT INTO refresh_tokens (created_at, expires_at, revoked_at, token, user_id)
VALUES (@p2, @p3, @p4, @p5, @p6)
RETURNING "Id";
2026-06-04 03:59:34.560 -05:00 [INF] [78c4e77f-cd83-4fd9-89e9-0aa5503aa40c] Microsoft.EntityFrameworkCore.Database.Command Executed DbCommand (1ms) [Parameters=[@userId='?'], CommandType='"Text"', CommandTimeout='30']
SELECT a0."Name"
FROM "AspNetUserRoles" AS a
INNER JOIN "AspNetRoles" AS a0 ON a."RoleId" = a0."Id"
WHERE a."UserId" = @userId
2026-06-04 03:59:34.560 -05:00 [DBG] [78c4e77f-cd83-4fd9-89e9-0aa5503aa40c] MindedConnections.Api.Services.Auth.AuthService Refresh token rotated for user 3db28be2-44cb-43fd-865c-ee1bcca66e1f
2026-06-04 03:59:34.560 -05:00 [INF] [78c4e77f-cd83-4fd9-89e9-0aa5503aa40c] Serilog.AspNetCore.RequestLoggingMiddleware HTTP POST /auth/refresh responded 200 in 9.9ms
2026-06-04 03:59:34.600 -05:00 [INF] [c75545a7-b514-4ebc-823f-8dc2732d305a] Microsoft.EntityFrameworkCore.Database.Command Executed DbCommand (1ms) [Parameters=[@p='?'], CommandType='"Text"', CommandTimeout='30']
SELECT a."Id", a."AccessFailedCount", a."ConcurrencyStamp", a."CreatedAt", a."Email", a."EmailConfirmed", a."FirstName", a."LastName", a."LockoutEnabled", a."LockoutEnd", a."NormalizedEmail", a."NormalizedUserName", a."PasswordHash", a."PhoneNumber", a."PhoneNumberConfirmed", a."SecurityStamp", a."Timezone", a."TwoFactorEnabled", a."UserName"
FROM "AspNetUsers" AS a
WHERE a."Id" = @p
LIMIT 1
2026-06-04 03:59:34.601 -05:00 [INF] [c75545a7-b514-4ebc-823f-8dc2732d305a] Microsoft.EntityFrameworkCore.Database.Command Executed DbCommand (1ms) [Parameters=[@userId='?'], CommandType='"Text"', CommandTimeout='30']
SELECT a0."Name"
FROM "AspNetUserRoles" AS a
INNER JOIN "AspNetRoles" AS a0 ON a."RoleId" = a0."Id"
WHERE a."UserId" = @userId
2026-06-04 03:59:34.601 -05:00 [INF] [c75545a7-b514-4ebc-823f-8dc2732d305a] Serilog.AspNetCore.RequestLoggingMiddleware HTTP GET /auth/me responded 200 in 3.0ms
2026-06-04 03:59:37.136 -05:00 [INF] [1e53caf9-06f6-4df5-badd-1b1393c42f6e] Microsoft.EntityFrameworkCore.Database.Command Executed DbCommand (1ms) [Parameters=[@incomingToken='?'], CommandType='"Text"', CommandTimeout='30']
SELECT r."Id", r.created_at, r.expires_at, r.revoked_at, r.token, r.user_id, a."Id", a."AccessFailedCount", a."ConcurrencyStamp", a."CreatedAt", a."Email", a."EmailConfirmed", a."FirstName", a."LastName", a."LockoutEnabled", a."LockoutEnd", a."NormalizedEmail", a."NormalizedUserName", a."PasswordHash", a."PhoneNumber", a."PhoneNumberConfirmed", a."SecurityStamp", a."Timezone", a."TwoFactorEnabled", a."UserName"
FROM refresh_tokens AS r
INNER JOIN "AspNetUsers" AS a ON r.user_id = a."Id"
WHERE r.token = @incomingToken
LIMIT 2
2026-06-04 03:59:37.138 -05:00 [INF] [1e53caf9-06f6-4df5-badd-1b1393c42f6e] Microsoft.EntityFrameworkCore.Database.Command Executed DbCommand (1ms) [Parameters=[@p1='?' (DbType = Int32), @p0='?' (DbType = DateTime), @p2='?' (DbType = DateTime), @p3='?' (DbType = DateTime), @p4='?' (DbType = DateTime), @p5='?', @p6='?'], CommandType='"Text"', CommandTimeout='30']
UPDATE refresh_tokens SET revoked_at = @p0
WHERE "Id" = @p1;
INSERT INTO refresh_tokens (created_at, expires_at, revoked_at, token, user_id)
VALUES (@p2, @p3, @p4, @p5, @p6)
RETURNING "Id";
2026-06-04 03:59:37.142 -05:00 [INF] [1e53caf9-06f6-4df5-badd-1b1393c42f6e] Microsoft.EntityFrameworkCore.Database.Command Executed DbCommand (1ms) [Parameters=[@userId='?'], CommandType='"Text"', CommandTimeout='30']
SELECT a0."Name"
FROM "AspNetUserRoles" AS a
INNER JOIN "AspNetRoles" AS a0 ON a."RoleId" = a0."Id"
WHERE a."UserId" = @userId
2026-06-04 03:59:37.142 -05:00 [DBG] [1e53caf9-06f6-4df5-badd-1b1393c42f6e] MindedConnections.Api.Services.Auth.AuthService Refresh token rotated for user 3db28be2-44cb-43fd-865c-ee1bcca66e1f
2026-06-04 03:59:37.142 -05:00 [INF] [1e53caf9-06f6-4df5-badd-1b1393c42f6e] Serilog.AspNetCore.RequestLoggingMiddleware HTTP POST /auth/refresh responded 200 in 8.5ms
2026-06-04 03:59:37.176 -05:00 [INF] [19fedabe-ee65-45fc-b4c6-40971cd5fa0f] Microsoft.EntityFrameworkCore.Database.Command Executed DbCommand (1ms) [Parameters=[@p='?'], CommandType='"Text"', CommandTimeout='30']
SELECT a."Id", a."AccessFailedCount", a."ConcurrencyStamp", a."CreatedAt", a."Email", a."EmailConfirmed", a."FirstName", a."LastName", a."LockoutEnabled", a."LockoutEnd", a."NormalizedEmail", a."NormalizedUserName", a."PasswordHash", a."PhoneNumber", a."PhoneNumberConfirmed", a."SecurityStamp", a."Timezone", a."TwoFactorEnabled", a."UserName"
FROM "AspNetUsers" AS a
WHERE a."Id" = @p
LIMIT 1
2026-06-04 03:59:37.177 -05:00 [INF] [19fedabe-ee65-45fc-b4c6-40971cd5fa0f] Microsoft.EntityFrameworkCore.Database.Command Executed DbCommand (1ms) [Parameters=[@userId='?'], CommandType='"Text"', CommandTimeout='30']
SELECT a0."Name"
FROM "AspNetUserRoles" AS a
INNER JOIN "AspNetRoles" AS a0 ON a."RoleId" = a0."Id"
WHERE a."UserId" = @userId
2026-06-04 03:59:37.177 -05:00 [INF] [19fedabe-ee65-45fc-b4c6-40971cd5fa0f] Serilog.AspNetCore.RequestLoggingMiddleware HTTP GET /auth/me responded 200 in 2.8ms
2026-06-04 03:59:37.633 -05:00 [INF] [c915a5e7-410e-4938-8cec-3e24f75784d4] Microsoft.EntityFrameworkCore.Database.Command Executed DbCommand (1ms) [Parameters=[@normalizedEmail='?'], CommandType='"Text"', CommandTimeout='30']
SELECT a."Id", a."AccessFailedCount", a."ConcurrencyStamp", a."CreatedAt", a."Email", a."EmailConfirmed", a."FirstName", a."LastName", a."LockoutEnabled", a."LockoutEnd", a."NormalizedEmail", a."NormalizedUserName", a."PasswordHash", a."PhoneNumber", a."PhoneNumberConfirmed", a."SecurityStamp", a."Timezone", a."TwoFactorEnabled", a."UserName"
FROM "AspNetUsers" AS a
WHERE a."NormalizedEmail" = @normalizedEmail
LIMIT 2
2026-06-04 03:59:37.633 -05:00 [WRN] [c915a5e7-410e-4938-8cec-3e24f75784d4] MindedConnections.Api.Services.Auth.AuthService Failed login attempt for 
2026-06-04 03:59:37.633 -05:00 [WRN] [c915a5e7-410e-4938-8cec-3e24f75784d4] Serilog.AspNetCore.RequestLoggingMiddleware HTTP POST /auth/login responded 401 in 2.0ms
2026-06-04 03:59:37.643 -05:00 [INF] [7de24b92-c137-4d39-89ec-e79a2160bc97] Microsoft.EntityFrameworkCore.Database.Command Executed DbCommand (1ms) [Parameters=[@incomingToken='?'], CommandType='"Text"', CommandTimeout='30']
SELECT r."Id", r.created_at, r.expires_at, r.revoked_at, r.token, r.user_id, a."Id", a."AccessFailedCount", a."ConcurrencyStamp", a."CreatedAt", a."Email", a."EmailConfirmed", a."FirstName", a."LastName", a."LockoutEnabled", a."LockoutEnd", a."NormalizedEmail", a."NormalizedUserName", a."PasswordHash", a."PhoneNumber", a."PhoneNumberConfirmed", a."SecurityStamp", a."Timezone", a."TwoFactorEnabled", a."UserName"
FROM refresh_tokens AS r
INNER JOIN "AspNetUsers" AS a ON r.user_id = a."Id"
WHERE r.token = @incomingToken
LIMIT 2
2026-06-04 03:59:37.644 -05:00 [INF] [7de24b92-c137-4d39-89ec-e79a2160bc97] Microsoft.EntityFrameworkCore.Database.Command Executed DbCommand (1ms) [Parameters=[@p1='?' (DbType = Int32), @p0='?' (DbType = DateTime), @p2='?' (DbType = DateTime), @p3='?' (DbType = DateTime), @p4='?' (DbType = DateTime), @p5='?', @p6='?'], CommandType='"Text"', CommandTimeout='30']
UPDATE refresh_tokens SET revoked_at = @p0
WHERE "Id" = @p1;
INSERT INTO refresh_tokens (created_at, expires_at, revoked_at, token, user_id)
VALUES (@p2, @p3, @p4, @p5, @p6)
RETURNING "Id";
2026-06-04 03:59:37.648 -05:00 [INF] [7de24b92-c137-4d39-89ec-e79a2160bc97] Microsoft.EntityFrameworkCore.Database.Command Executed DbCommand (1ms) [Parameters=[@userId='?'], CommandType='"Text"', CommandTimeout='30']
SELECT a0."Name"
FROM "AspNetUserRoles" AS a
INNER JOIN "AspNetRoles" AS a0 ON a."RoleId" = a0."Id"
WHERE a."UserId" = @userId
2026-06-04 03:59:37.649 -05:00 [DBG] [7de24b92-c137-4d39-89ec-e79a2160bc97] MindedConnections.Api.Services.Auth.AuthService Refresh token rotated for user 3db28be2-44cb-43fd-865c-ee1bcca66e1f
2026-06-04 03:59:37.649 -05:00 [INF] [7de24b92-c137-4d39-89ec-e79a2160bc97] Serilog.AspNetCore.RequestLoggingMiddleware HTTP POST /auth/refresh responded 200 in 7.7ms
2026-06-04 03:59:37.660 -05:00 [INF] [3e97349f-0929-44a5-b6f6-e7fcf1917b17] Microsoft.EntityFrameworkCore.Database.Command Executed DbCommand (1ms) [Parameters=[@normalizedEmail='?'], CommandType='"Text"', CommandTimeout='30']
SELECT a."Id", a."AccessFailedCount", a."ConcurrencyStamp", a."CreatedAt", a."Email", a."EmailConfirmed", a."FirstName", a."LastName", a."LockoutEnabled", a."LockoutEnd", a."NormalizedEmail", a."NormalizedUserName", a."PasswordHash", a."PhoneNumber", a."PhoneNumberConfirmed", a."SecurityStamp", a."Timezone", a."TwoFactorEnabled", a."UserName"
FROM "AspNetUsers" AS a
WHERE a."NormalizedEmail" = @normalizedEmail
LIMIT 2
2026-06-04 03:59:37.660 -05:00 [WRN] [3e97349f-0929-44a5-b6f6-e7fcf1917b17] MindedConnections.Api.Services.Auth.AuthService Failed login attempt for 
2026-06-04 03:59:37.660 -05:00 [WRN] [3e97349f-0929-44a5-b6f6-e7fcf1917b17] Serilog.AspNetCore.RequestLoggingMiddleware HTTP POST /auth/login responded 401 in 1.7ms
2026-06-04 04:00:02.895 -05:00 [INF] [60a4e80b-e9a9-4421-9b32-143571224564] Microsoft.EntityFrameworkCore.Database.Command Executed DbCommand (1ms) [Parameters=[@normalizedEmail='?'], CommandType='"Text"', CommandTimeout='30']
SELECT a."Id", a."AccessFailedCount", a."ConcurrencyStamp", a."CreatedAt", a."Email", a."EmailConfirmed", a."FirstName", a."LastName", a."LockoutEnabled", a."LockoutEnd", a."NormalizedEmail", a."NormalizedUserName", a."PasswordHash", a."PhoneNumber", a."PhoneNumberConfirmed", a."SecurityStamp", a."Timezone", a."TwoFactorEnabled", a."UserName"
FROM "AspNetUsers" AS a
WHERE a."NormalizedEmail" = @normalizedEmail
LIMIT 2
2026-06-04 04:00:02.895 -05:00 [WRN] [60a4e80b-e9a9-4421-9b32-143571224564] MindedConnections.Api.Services.Auth.AuthService Failed login attempt for 
2026-06-04 04:00:02.895 -05:00 [WRN] [60a4e80b-e9a9-4421-9b32-143571224564] Serilog.AspNetCore.RequestLoggingMiddleware HTTP POST /auth/login responded 401 in 1.8ms
2026-06-04 04:00:02.905 -05:00 [INF] [c2a47c58-407f-4d01-b0f7-71645ad868bf] Microsoft.EntityFrameworkCore.Database.Command Executed DbCommand (1ms) [Parameters=[@incomingToken='?'], CommandType='"Text"', CommandTimeout='30']
SELECT r."Id", r.created_at, r.expires_at, r.revoked_at, r.token, r.user_id, a."Id", a."AccessFailedCount", a."ConcurrencyStamp", a."CreatedAt", a."Email", a."EmailConfirmed", a."FirstName", a."LastName", a."LockoutEnabled", a."LockoutEnd", a."NormalizedEmail", a."NormalizedUserName", a."PasswordHash", a."PhoneNumber", a."PhoneNumberConfirmed", a."SecurityStamp", a."Timezone", a."TwoFactorEnabled", a."UserName"
FROM refresh_tokens AS r
INNER JOIN "AspNetUsers" AS a ON r.user_id = a."Id"
WHERE r.token = @incomingToken
LIMIT 2
2026-06-04 04:00:02.907 -05:00 [INF] [c2a47c58-407f-4d01-b0f7-71645ad868bf] Microsoft.EntityFrameworkCore.Database.Command Executed DbCommand (1ms) [Parameters=[@p1='?' (DbType = Int32), @p0='?' (DbType = DateTime), @p2='?' (DbType = DateTime), @p3='?' (DbType = DateTime), @p4='?' (DbType = DateTime), @p5='?', @p6='?'], CommandType='"Text"', CommandTimeout='30']
UPDATE refresh_tokens SET revoked_at = @p0
WHERE "Id" = @p1;
INSERT INTO refresh_tokens (created_at, expires_at, revoked_at, token, user_id)
VALUES (@p2, @p3, @p4, @p5, @p6)
RETURNING "Id";
2026-06-04 04:00:02.917 -05:00 [INF] [c2a47c58-407f-4d01-b0f7-71645ad868bf] Microsoft.EntityFrameworkCore.Database.Command Executed DbCommand (1ms) [Parameters=[@userId='?'], CommandType='"Text"', CommandTimeout='30']
SELECT a0."Name"
FROM "AspNetUserRoles" AS a
INNER JOIN "AspNetRoles" AS a0 ON a."RoleId" = a0."Id"
WHERE a."UserId" = @userId
2026-06-04 04:00:02.917 -05:00 [DBG] [c2a47c58-407f-4d01-b0f7-71645ad868bf] MindedConnections.Api.Services.Auth.AuthService Refresh token rotated for user 3db28be2-44cb-43fd-865c-ee1bcca66e1f
2026-06-04 04:00:02.918 -05:00 [INF] [c2a47c58-407f-4d01-b0f7-71645ad868bf] Serilog.AspNetCore.RequestLoggingMiddleware HTTP POST /auth/refresh responded 200 in 14.1ms
2026-06-04 04:00:02.928 -05:00 [INF] [4230a98f-7ad3-4ab5-8d3b-a375925c2351] Microsoft.EntityFrameworkCore.Database.Command Executed DbCommand (1ms) [Parameters=[@normalizedEmail='?'], CommandType='"Text"', CommandTimeout='30']
SELECT a."Id", a."AccessFailedCount", a."ConcurrencyStamp", a."CreatedAt", a."Email", a."EmailConfirmed", a."FirstName", a."LastName", a."LockoutEnabled", a."LockoutEnd", a."NormalizedEmail", a."NormalizedUserName", a."PasswordHash", a."PhoneNumber", a."PhoneNumberConfirmed", a."SecurityStamp", a."Timezone", a."TwoFactorEnabled", a."UserName"
FROM "AspNetUsers" AS a
WHERE a."NormalizedEmail" = @normalizedEmail
LIMIT 2
2026-06-04 04:00:02.928 -05:00 [WRN] [4230a98f-7ad3-4ab5-8d3b-a375925c2351] MindedConnections.Api.Services.Auth.AuthService Failed login attempt for 
2026-06-04 04:00:02.928 -05:00 [WRN] [4230a98f-7ad3-4ab5-8d3b-a375925c2351] Serilog.AspNetCore.RequestLoggingMiddleware HTTP POST /auth/login responded 401 in 1.6ms
2026-06-04 04:00:15.206 -05:00 [INF] [c056a019-9a6b-4769-988a-120e59f6c0fa] Microsoft.EntityFrameworkCore.Database.Command Executed DbCommand (1ms) [Parameters=[@normalizedEmail='?'], CommandType='"Text"', CommandTimeout='30']
SELECT a."Id", a."AccessFailedCount", a."ConcurrencyStamp", a."CreatedAt", a."Email", a."EmailConfirmed", a."FirstName", a."LastName", a."LockoutEnabled", a."LockoutEnd", a."NormalizedEmail", a."NormalizedUserName", a."PasswordHash", a."PhoneNumber", a."PhoneNumberConfirmed", a."SecurityStamp", a."Timezone", a."TwoFactorEnabled", a."UserName"
FROM "AspNetUsers" AS a
WHERE a."NormalizedEmail" = @normalizedEmail
LIMIT 2
2026-06-04 04:00:15.206 -05:00 [WRN] [c056a019-9a6b-4769-988a-120e59f6c0fa] MindedConnections.Api.Services.Auth.AuthService Failed login attempt for 
2026-06-04 04:00:15.206 -05:00 [WRN] [c056a019-9a6b-4769-988a-120e59f6c0fa] Serilog.AspNetCore.RequestLoggingMiddleware HTTP POST /auth/login responded 401 in 1.7ms
2026-06-04 04:00:15.216 -05:00 [INF] [2b28a627-6e50-4adc-8779-8800687e4b01] Microsoft.EntityFrameworkCore.Database.Command Executed DbCommand (1ms) [Parameters=[@incomingToken='?'], CommandType='"Text"', CommandTimeout='30']
SELECT r."Id", r.created_at, r.expires_at, r.revoked_at, r.token, r.user_id, a."Id", a."AccessFailedCount", a."ConcurrencyStamp", a."CreatedAt", a."Email", a."EmailConfirmed", a."FirstName", a."LastName", a."LockoutEnabled", a."LockoutEnd", a."NormalizedEmail", a."NormalizedUserName", a."PasswordHash", a."PhoneNumber", a."PhoneNumberConfirmed", a."SecurityStamp", a."Timezone", a."TwoFactorEnabled", a."UserName"
FROM refresh_tokens AS r
INNER JOIN "AspNetUsers" AS a ON r.user_id = a."Id"
WHERE r.token = @incomingToken
LIMIT 2
2026-06-04 04:00:15.217 -05:00 [INF] [2b28a627-6e50-4adc-8779-8800687e4b01] Microsoft.EntityFrameworkCore.Database.Command Executed DbCommand (1ms) [Parameters=[@p1='?' (DbType = Int32), @p0='?' (DbType = DateTime), @p2='?' (DbType = DateTime), @p3='?' (DbType = DateTime), @p4='?' (DbType = DateTime), @p5='?', @p6='?'], CommandType='"Text"', CommandTimeout='30']
UPDATE refresh_tokens SET revoked_at = @p0
WHERE "Id" = @p1;
INSERT INTO refresh_tokens (created_at, expires_at, revoked_at, token, user_id)
VALUES (@p2, @p3, @p4, @p5, @p6)
RETURNING "Id";
2026-06-04 04:00:15.221 -05:00 [INF] [2b28a627-6e50-4adc-8779-8800687e4b01] Microsoft.EntityFrameworkCore.Database.Command Executed DbCommand (1ms) [Parameters=[@userId='?'], CommandType='"Text"', CommandTimeout='30']
SELECT a0."Name"
FROM "AspNetUserRoles" AS a
INNER JOIN "AspNetRoles" AS a0 ON a."RoleId" = a0."Id"
WHERE a."UserId" = @userId
2026-06-04 04:00:15.222 -05:00 [DBG] [2b28a627-6e50-4adc-8779-8800687e4b01] MindedConnections.Api.Services.Auth.AuthService Refresh token rotated for user 3db28be2-44cb-43fd-865c-ee1bcca66e1f
2026-06-04 04:00:15.222 -05:00 [INF] [2b28a627-6e50-4adc-8779-8800687e4b01] Serilog.AspNetCore.RequestLoggingMiddleware HTTP POST /auth/refresh responded 200 in 7.7ms
2026-06-04 04:00:15.232 -05:00 [INF] [f35eba34-017e-49ff-ba7a-ca0692069333] Microsoft.EntityFrameworkCore.Database.Command Executed DbCommand (1ms) [Parameters=[@normalizedEmail='?'], CommandType='"Text"', CommandTimeout='30']
SELECT a."Id", a."AccessFailedCount", a."ConcurrencyStamp", a."CreatedAt", a."Email", a."EmailConfirmed", a."FirstName", a."LastName", a."LockoutEnabled", a."LockoutEnd", a."NormalizedEmail", a."NormalizedUserName", a."PasswordHash", a."PhoneNumber", a."PhoneNumberConfirmed", a."SecurityStamp", a."Timezone", a."TwoFactorEnabled", a."UserName"
FROM "AspNetUsers" AS a
WHERE a."NormalizedEmail" = @normalizedEmail
LIMIT 2
2026-06-04 04:00:15.233 -05:00 [WRN] [f35eba34-017e-49ff-ba7a-ca0692069333] MindedConnections.Api.Services.Auth.AuthService Failed login attempt for 
2026-06-04 04:00:15.233 -05:00 [WRN] [f35eba34-017e-49ff-ba7a-ca0692069333] Serilog.AspNetCore.RequestLoggingMiddleware HTTP POST /auth/login responded 401 in 1.8ms
2026-06-04 04:00:25.171 -05:00 [INF] [b6cf742a-c319-4e98-b186-76af1a1bff0c] Microsoft.EntityFrameworkCore.Database.Command Executed DbCommand (1ms) [Parameters=[@normalizedEmail='?'], CommandType='"Text"', CommandTimeout='30']
SELECT a."Id", a."AccessFailedCount", a."ConcurrencyStamp", a."CreatedAt", a."Email", a."EmailConfirmed", a."FirstName", a."LastName", a."LockoutEnabled", a."LockoutEnd", a."NormalizedEmail", a."NormalizedUserName", a."PasswordHash", a."PhoneNumber", a."PhoneNumberConfirmed", a."SecurityStamp", a."Timezone", a."TwoFactorEnabled", a."UserName"
FROM "AspNetUsers" AS a
WHERE a."NormalizedEmail" = @normalizedEmail
LIMIT 2
2026-06-04 04:00:25.171 -05:00 [WRN] [b6cf742a-c319-4e98-b186-76af1a1bff0c] MindedConnections.Api.Services.Auth.AuthService Failed login attempt for 
2026-06-04 04:00:25.172 -05:00 [WRN] [b6cf742a-c319-4e98-b186-76af1a1bff0c] Serilog.AspNetCore.RequestLoggingMiddleware HTTP POST /auth/login responded 401 in 1.7ms
2026-06-04 04:00:25.206 -05:00 [INF] [245cc258-5514-4bb0-b16b-d12d6a36d736] Microsoft.EntityFrameworkCore.Database.Command Executed DbCommand (1ms) [Parameters=[@incomingToken='?'], CommandType='"Text"', CommandTimeout='30']
SELECT r."Id", r.created_at, r.expires_at, r.revoked_at, r.token, r.user_id, a."Id", a."AccessFailedCount", a."ConcurrencyStamp", a."CreatedAt", a."Email", a."EmailConfirmed", a."FirstName", a."LastName", a."LockoutEnabled", a."LockoutEnd", a."NormalizedEmail", a."NormalizedUserName", a."PasswordHash", a."PhoneNumber", a."PhoneNumberConfirmed", a."SecurityStamp", a."Timezone", a."TwoFactorEnabled", a."UserName"
FROM refresh_tokens AS r
INNER JOIN "AspNetUsers" AS a ON r.user_id = a."Id"
WHERE r.token = @incomingToken
LIMIT 2
2026-06-04 04:00:25.208 -05:00 [INF] [245cc258-5514-4bb0-b16b-d12d6a36d736] Microsoft.EntityFrameworkCore.Database.Command Executed DbCommand (1ms) [Parameters=[@p1='?' (DbType = Int32), @p0='?' (DbType = DateTime), @p2='?' (DbType = DateTime), @p3='?' (DbType = DateTime), @p4='?' (DbType = DateTime), @p5='?', @p6='?'], CommandType='"Text"', CommandTimeout='30']
UPDATE refresh_tokens SET revoked_at = @p0
WHERE "Id" = @p1;
INSERT INTO refresh_tokens (created_at, expires_at, revoked_at, token, user_id)
VALUES (@p2, @p3, @p4, @p5, @p6)
RETURNING "Id";
2026-06-04 04:00:25.221 -05:00 [INF] [245cc258-5514-4bb0-b16b-d12d6a36d736] Microsoft.EntityFrameworkCore.Database.Command Executed DbCommand (1ms) [Parameters=[@userId='?'], CommandType='"Text"', CommandTimeout='30']
SELECT a0."Name"
FROM "AspNetUserRoles" AS a
INNER JOIN "AspNetRoles" AS a0 ON a."RoleId" = a0."Id"
WHERE a."UserId" = @userId
2026-06-04 04:00:25.221 -05:00 [DBG] [245cc258-5514-4bb0-b16b-d12d6a36d736] MindedConnections.Api.Services.Auth.AuthService Refresh token rotated for user 3db28be2-44cb-43fd-865c-ee1bcca66e1f
2026-06-04 04:00:25.221 -05:00 [INF] [245cc258-5514-4bb0-b16b-d12d6a36d736] Serilog.AspNetCore.RequestLoggingMiddleware HTTP POST /auth/refresh responded 200 in 16.3ms
2026-06-04 04:00:25.231 -05:00 [INF] [35c9f3b7-d7d1-43fc-8831-15b529d18c0f] Microsoft.EntityFrameworkCore.Database.Command Executed DbCommand (1ms) [Parameters=[@normalizedEmail='?'], CommandType='"Text"', CommandTimeout='30']
SELECT a."Id", a."AccessFailedCount", a."ConcurrencyStamp", a."CreatedAt", a."Email", a."EmailConfirmed", a."FirstName", a."LastName", a."LockoutEnabled", a."LockoutEnd", a."NormalizedEmail", a."NormalizedUserName", a."PasswordHash", a."PhoneNumber", a."PhoneNumberConfirmed", a."SecurityStamp", a."Timezone", a."TwoFactorEnabled", a."UserName"
FROM "AspNetUsers" AS a
WHERE a."NormalizedEmail" = @normalizedEmail
LIMIT 2
2026-06-04 04:00:25.232 -05:00 [WRN] [35c9f3b7-d7d1-43fc-8831-15b529d18c0f] MindedConnections.Api.Services.Auth.AuthService Failed login attempt for 
2026-06-04 04:00:25.232 -05:00 [WRN] [35c9f3b7-d7d1-43fc-8831-15b529d18c0f] Serilog.AspNetCore.RequestLoggingMiddleware HTTP POST /auth/login responded 401 in 1.5ms
2026-06-04 04:00:26.812 -05:00 [INF] [60d7628d-3d14-48b8-9b53-5f3b031d0164] Microsoft.EntityFrameworkCore.Database.Command Executed DbCommand (1ms) [Parameters=[@normalizedEmail='?'], CommandType='"Text"', CommandTimeout='30']
SELECT a."Id", a."AccessFailedCount", a."ConcurrencyStamp", a."CreatedAt", a."Email", a."EmailConfirmed", a."FirstName", a."LastName", a."LockoutEnabled", a."LockoutEnd", a."NormalizedEmail", a."NormalizedUserName", a."PasswordHash", a."PhoneNumber", a."PhoneNumberConfirmed", a."SecurityStamp", a."Timezone", a."TwoFactorEnabled", a."UserName"
FROM "AspNetUsers" AS a
WHERE a."NormalizedEmail" = @normalizedEmail
LIMIT 2
2026-06-04 04:00:26.812 -05:00 [WRN] [60d7628d-3d14-48b8-9b53-5f3b031d0164] MindedConnections.Api.Services.Auth.AuthService Failed login attempt for 
2026-06-04 04:00:26.812 -05:00 [WRN] [60d7628d-3d14-48b8-9b53-5f3b031d0164] Serilog.AspNetCore.RequestLoggingMiddleware HTTP POST /auth/login responded 401 in 2.0ms
2026-06-04 04:00:26.822 -05:00 [INF] [e442c0da-1bf1-45bb-b456-8695f68b7a7f] Microsoft.EntityFrameworkCore.Database.Command Executed DbCommand (1ms) [Parameters=[@incomingToken='?'], CommandType='"Text"', CommandTimeout='30']
SELECT r."Id", r.created_at, r.expires_at, r.revoked_at, r.token, r.user_id, a."Id", a."AccessFailedCount", a."ConcurrencyStamp", a."CreatedAt", a."Email", a."EmailConfirmed", a."FirstName", a."LastName", a."LockoutEnabled", a."LockoutEnd", a."NormalizedEmail", a."NormalizedUserName", a."PasswordHash", a."PhoneNumber", a."PhoneNumberConfirmed", a."SecurityStamp", a."Timezone", a."TwoFactorEnabled", a."UserName"
FROM refresh_tokens AS r
INNER JOIN "AspNetUsers" AS a ON r.user_id = a."Id"
WHERE r.token = @incomingToken
LIMIT 2
2026-06-04 04:00:26.824 -05:00 [INF] [e442c0da-1bf1-45bb-b456-8695f68b7a7f] Microsoft.EntityFrameworkCore.Database.Command Executed DbCommand (1ms) [Parameters=[@p1='?' (DbType = Int32), @p0='?' (DbType = DateTime), @p2='?' (DbType = DateTime), @p3='?' (DbType = DateTime), @p4='?' (DbType = DateTime), @p5='?', @p6='?'], CommandType='"Text"', CommandTimeout='30']
UPDATE refresh_tokens SET revoked_at = @p0
WHERE "Id" = @p1;
INSERT INTO refresh_tokens (created_at, expires_at, revoked_at, token, user_id)
VALUES (@p2, @p3, @p4, @p5, @p6)
RETURNING "Id";
2026-06-04 04:00:26.837 -05:00 [INF] [e442c0da-1bf1-45bb-b456-8695f68b7a7f] Microsoft.EntityFrameworkCore.Database.Command Executed DbCommand (1ms) [Parameters=[@userId='?'], CommandType='"Text"', CommandTimeout='30']
SELECT a0."Name"
FROM "AspNetUserRoles" AS a
INNER JOIN "AspNetRoles" AS a0 ON a."RoleId" = a0."Id"
WHERE a."UserId" = @userId
2026-06-04 04:00:26.838 -05:00 [DBG] [e442c0da-1bf1-45bb-b456-8695f68b7a7f] MindedConnections.Api.Services.Auth.AuthService Refresh token rotated for user 3db28be2-44cb-43fd-865c-ee1bcca66e1f
2026-06-04 04:00:26.838 -05:00 [INF] [e442c0da-1bf1-45bb-b456-8695f68b7a7f] Serilog.AspNetCore.RequestLoggingMiddleware HTTP POST /auth/refresh responded 200 in 17.6ms
2026-06-04 04:00:26.850 -05:00 [INF] [c59cbaa1-4168-4192-9b5d-ecab4e0e2c24] Microsoft.EntityFrameworkCore.Database.Command Executed DbCommand (1ms) [Parameters=[@normalizedEmail='?'], CommandType='"Text"', CommandTimeout='30']
SELECT a."Id", a."AccessFailedCount", a."ConcurrencyStamp", a."CreatedAt", a."Email", a."EmailConfirmed", a."FirstName", a."LastName", a."LockoutEnabled", a."LockoutEnd", a."NormalizedEmail", a."NormalizedUserName", a."PasswordHash", a."PhoneNumber", a."PhoneNumberConfirmed", a."SecurityStamp", a."Timezone", a."TwoFactorEnabled", a."UserName"
FROM "AspNetUsers" AS a
WHERE a."NormalizedEmail" = @normalizedEmail
LIMIT 2
2026-06-04 04:00:26.850 -05:00 [WRN] [c59cbaa1-4168-4192-9b5d-ecab4e0e2c24] MindedConnections.Api.Services.Auth.AuthService Failed login attempt for 
2026-06-04 04:00:26.850 -05:00 [WRN] [c59cbaa1-4168-4192-9b5d-ecab4e0e2c24] Serilog.AspNetCore.RequestLoggingMiddleware HTTP POST /auth/login responded 401 in 2.3ms
2026-06-04 04:00:40.075 -05:00 [INF] [1800d65e-d9bf-4779-b2f4-8f1497c6f483] Microsoft.EntityFrameworkCore.Database.Command Executed DbCommand (2ms) [Parameters=[@incomingToken='?'], CommandType='"Text"', CommandTimeout='30']
SELECT r."Id", r.created_at, r.expires_at, r.revoked_at, r.token, r.user_id, a."Id", a."AccessFailedCount", a."ConcurrencyStamp", a."CreatedAt", a."Email", a."EmailConfirmed", a."FirstName", a."LastName", a."LockoutEnabled", a."LockoutEnd", a."NormalizedEmail", a."NormalizedUserName", a."PasswordHash", a."PhoneNumber", a."PhoneNumberConfirmed", a."SecurityStamp", a."Timezone", a."TwoFactorEnabled", a."UserName"
FROM refresh_tokens AS r
INNER JOIN "AspNetUsers" AS a ON r.user_id = a."Id"
WHERE r.token = @incomingToken
LIMIT 2
2026-06-04 04:00:40.077 -05:00 [INF] [1800d65e-d9bf-4779-b2f4-8f1497c6f483] Microsoft.EntityFrameworkCore.Database.Command Executed DbCommand (1ms) [Parameters=[@p1='?' (DbType = Int32), @p0='?' (DbType = DateTime), @p2='?' (DbType = DateTime), @p3='?' (DbType = DateTime), @p4='?' (DbType = DateTime), @p5='?', @p6='?'], CommandType='"Text"', CommandTimeout='30']
UPDATE refresh_tokens SET revoked_at = @p0
WHERE "Id" = @p1;
INSERT INTO refresh_tokens (created_at, expires_at, revoked_at, token, user_id)
VALUES (@p2, @p3, @p4, @p5, @p6)
RETURNING "Id";
2026-06-04 04:00:40.092 -05:00 [INF] [1800d65e-d9bf-4779-b2f4-8f1497c6f483] Microsoft.EntityFrameworkCore.Database.Command Executed DbCommand (1ms) [Parameters=[@userId='?'], CommandType='"Text"', CommandTimeout='30']
SELECT a0."Name"
FROM "AspNetUserRoles" AS a
INNER JOIN "AspNetRoles" AS a0 ON a."RoleId" = a0."Id"
WHERE a."UserId" = @userId
2026-06-04 04:00:40.092 -05:00 [DBG] [1800d65e-d9bf-4779-b2f4-8f1497c6f483] MindedConnections.Api.Services.Auth.AuthService Refresh token rotated for user 3db28be2-44cb-43fd-865c-ee1bcca66e1f
2026-06-04 04:00:40.092 -05:00 [INF] [1800d65e-d9bf-4779-b2f4-8f1497c6f483] Serilog.AspNetCore.RequestLoggingMiddleware HTTP POST /auth/refresh responded 200 in 20.0ms
2026-06-04 04:00:40.221 -05:00 [INF] [2f70c0b4-e807-4145-a6fe-715721ee4f38] Microsoft.EntityFrameworkCore.Database.Command Executed DbCommand (1ms) [Parameters=[@p='?'], CommandType='"Text"', CommandTimeout='30']
SELECT a."Id", a."AccessFailedCount", a."ConcurrencyStamp", a."CreatedAt", a."Email", a."EmailConfirmed", a."FirstName", a."LastName", a."LockoutEnabled", a."LockoutEnd", a."NormalizedEmail", a."NormalizedUserName", a."PasswordHash", a."PhoneNumber", a."PhoneNumberConfirmed", a."SecurityStamp", a."Timezone", a."TwoFactorEnabled", a."UserName"
FROM "AspNetUsers" AS a
WHERE a."Id" = @p
LIMIT 1
2026-06-04 04:00:40.222 -05:00 [INF] [2f70c0b4-e807-4145-a6fe-715721ee4f38] Microsoft.EntityFrameworkCore.Database.Command Executed DbCommand (1ms) [Parameters=[@userId='?'], CommandType='"Text"', CommandTimeout='30']
SELECT a0."Name"
FROM "AspNetUserRoles" AS a
INNER JOIN "AspNetRoles" AS a0 ON a."RoleId" = a0."Id"
WHERE a."UserId" = @userId
2026-06-04 04:00:40.223 -05:00 [INF] [2f70c0b4-e807-4145-a6fe-715721ee4f38] Serilog.AspNetCore.RequestLoggingMiddleware HTTP GET /auth/me responded 200 in 3.3ms
2026-06-04 04:00:40.800 -05:00 [INF] [d50daf02-7e86-467e-b33f-1719f87bb859] Microsoft.EntityFrameworkCore.Database.Command Executed DbCommand (1ms) [Parameters=[@normalizedEmail='?'], CommandType='"Text"', CommandTimeout='30']
SELECT a."Id", a."AccessFailedCount", a."ConcurrencyStamp", a."CreatedAt", a."Email", a."EmailConfirmed", a."FirstName", a."LastName", a."LockoutEnabled", a."LockoutEnd", a."NormalizedEmail", a."NormalizedUserName", a."PasswordHash", a."PhoneNumber", a."PhoneNumberConfirmed", a."SecurityStamp", a."Timezone", a."TwoFactorEnabled", a."UserName"
FROM "AspNetUsers" AS a
WHERE a."NormalizedEmail" = @normalizedEmail
LIMIT 2
2026-06-04 04:00:40.800 -05:00 [WRN] [d50daf02-7e86-467e-b33f-1719f87bb859] MindedConnections.Api.Services.Auth.AuthService Failed login attempt for 
2026-06-04 04:00:40.800 -05:00 [WRN] [d50daf02-7e86-467e-b33f-1719f87bb859] Serilog.AspNetCore.RequestLoggingMiddleware HTTP POST /auth/login responded 401 in 1.7ms
2026-06-04 04:00:40.809 -05:00 [INF] [920d67cf-4489-498f-b88f-c217d2c0b164] Microsoft.EntityFrameworkCore.Database.Command Executed DbCommand (1ms) [Parameters=[@incomingToken='?'], CommandType='"Text"', CommandTimeout='30']
SELECT r."Id", r.created_at, r.expires_at, r.revoked_at, r.token, r.user_id, a."Id", a."AccessFailedCount", a."ConcurrencyStamp", a."CreatedAt", a."Email", a."EmailConfirmed", a."FirstName", a."LastName", a."LockoutEnabled", a."LockoutEnd", a."NormalizedEmail", a."NormalizedUserName", a."PasswordHash", a."PhoneNumber", a."PhoneNumberConfirmed", a."SecurityStamp", a."Timezone", a."TwoFactorEnabled", a."UserName"
FROM refresh_tokens AS r
INNER JOIN "AspNetUsers" AS a ON r.user_id = a."Id"
WHERE r.token = @incomingToken
LIMIT 2
2026-06-04 04:00:40.810 -05:00 [INF] [920d67cf-4489-498f-b88f-c217d2c0b164] Microsoft.EntityFrameworkCore.Database.Command Executed DbCommand (1ms) [Parameters=[@p1='?' (DbType = Int32), @p0='?' (DbType = DateTime), @p2='?' (DbType = DateTime), @p3='?' (DbType = DateTime), @p4='?' (DbType = DateTime), @p5='?', @p6='?'], CommandType='"Text"', CommandTimeout='30']
UPDATE refresh_tokens SET revoked_at = @p0
WHERE "Id" = @p1;
INSERT INTO refresh_tokens (created_at, expires_at, revoked_at, token, user_id)
VALUES (@p2, @p3, @p4, @p5, @p6)
RETURNING "Id";
2026-06-04 04:00:40.815 -05:00 [INF] [920d67cf-4489-498f-b88f-c217d2c0b164] Microsoft.EntityFrameworkCore.Database.Command Executed DbCommand (1ms) [Parameters=[@userId='?'], CommandType='"Text"', CommandTimeout='30']
SELECT a0."Name"
FROM "AspNetUserRoles" AS a
INNER JOIN "AspNetRoles" AS a0 ON a."RoleId" = a0."Id"
WHERE a."UserId" = @userId
2026-06-04 04:00:40.815 -05:00 [DBG] [920d67cf-4489-498f-b88f-c217d2c0b164] MindedConnections.Api.Services.Auth.AuthService Refresh token rotated for user 3db28be2-44cb-43fd-865c-ee1bcca66e1f
2026-06-04 04:00:40.816 -05:00 [INF] [920d67cf-4489-498f-b88f-c217d2c0b164] Serilog.AspNetCore.RequestLoggingMiddleware HTTP POST /auth/refresh responded 200 in 8.4ms
2026-06-04 04:00:40.827 -05:00 [INF] [91b682bb-5421-4a8e-a2ee-e42b5f15ca0b] Microsoft.EntityFrameworkCore.Database.Command Executed DbCommand (1ms) [Parameters=[@normalizedEmail='?'], CommandType='"Text"', CommandTimeout='30']
SELECT a."Id", a."AccessFailedCount", a."ConcurrencyStamp", a."CreatedAt", a."Email", a."EmailConfirmed", a."FirstName", a."LastName", a."LockoutEnabled", a."LockoutEnd", a."NormalizedEmail", a."NormalizedUserName", a."PasswordHash", a."PhoneNumber", a."PhoneNumberConfirmed", a."SecurityStamp", a."Timezone", a."TwoFactorEnabled", a."UserName"
FROM "AspNetUsers" AS a
WHERE a."NormalizedEmail" = @normalizedEmail
LIMIT 2
2026-06-04 04:00:40.827 -05:00 [WRN] [91b682bb-5421-4a8e-a2ee-e42b5f15ca0b] MindedConnections.Api.Services.Auth.AuthService Failed login attempt for 
2026-06-04 04:00:40.827 -05:00 [WRN] [91b682bb-5421-4a8e-a2ee-e42b5f15ca0b] Serilog.AspNetCore.RequestLoggingMiddleware HTTP POST /auth/login responded 401 in 1.6ms
2026-06-04 04:01:07.248 -05:00 [INF] [f50af3ac-c6bf-4436-88f3-ec776210f1a1] Microsoft.EntityFrameworkCore.Database.Command Executed DbCommand (4ms) [Parameters=[@normalizedEmail='?'], CommandType='"Text"', CommandTimeout='30']
SELECT a."Id", a."AccessFailedCount", a."ConcurrencyStamp", a."CreatedAt", a."Email", a."EmailConfirmed", a."FirstName", a."LastName", a."LockoutEnabled", a."LockoutEnd", a."NormalizedEmail", a."NormalizedUserName", a."PasswordHash", a."PhoneNumber", a."PhoneNumberConfirmed", a."SecurityStamp", a."Timezone", a."TwoFactorEnabled", a."UserName"
FROM "AspNetUsers" AS a
WHERE a."NormalizedEmail" = @normalizedEmail
LIMIT 2
2026-06-04 04:01:07.248 -05:00 [WRN] [f50af3ac-c6bf-4436-88f3-ec776210f1a1] MindedConnections.Api.Services.Auth.AuthService Failed login attempt for 
2026-06-04 04:01:07.248 -05:00 [WRN] [f50af3ac-c6bf-4436-88f3-ec776210f1a1] Serilog.AspNetCore.RequestLoggingMiddleware HTTP POST /auth/login responded 401 in 16.3ms
2026-06-04 04:01:07.288 -05:00 [INF] [d7e7b6a7-21a0-41fd-8147-fa4179f9aec4] Microsoft.EntityFrameworkCore.Database.Command Executed DbCommand (3ms) [Parameters=[@incomingToken='?'], CommandType='"Text"', CommandTimeout='30']
SELECT r."Id", r.created_at, r.expires_at, r.revoked_at, r.token, r.user_id, a."Id", a."AccessFailedCount", a."ConcurrencyStamp", a."CreatedAt", a."Email", a."EmailConfirmed", a."FirstName", a."LastName", a."LockoutEnabled", a."LockoutEnd", a."NormalizedEmail", a."NormalizedUserName", a."PasswordHash", a."PhoneNumber", a."PhoneNumberConfirmed", a."SecurityStamp", a."Timezone", a."TwoFactorEnabled", a."UserName"
FROM refresh_tokens AS r
INNER JOIN "AspNetUsers" AS a ON r.user_id = a."Id"
WHERE r.token = @incomingToken
LIMIT 2
2026-06-04 04:01:07.290 -05:00 [INF] [d7e7b6a7-21a0-41fd-8147-fa4179f9aec4] Microsoft.EntityFrameworkCore.Database.Command Executed DbCommand (1ms) [Parameters=[@p1='?' (DbType = Int32), @p0='?' (DbType = DateTime), @p2='?' (DbType = DateTime), @p3='?' (DbType = DateTime), @p4='?' (DbType = DateTime), @p5='?', @p6='?'], CommandType='"Text"', CommandTimeout='30']
UPDATE refresh_tokens SET revoked_at = @p0
WHERE "Id" = @p1;
INSERT INTO refresh_tokens (created_at, expires_at, revoked_at, token, user_id)
VALUES (@p2, @p3, @p4, @p5, @p6)
RETURNING "Id";
2026-06-04 04:01:07.306 -05:00 [INF] [d7e7b6a7-21a0-41fd-8147-fa4179f9aec4] Microsoft.EntityFrameworkCore.Database.Command Executed DbCommand (2ms) [Parameters=[@userId='?'], CommandType='"Text"', CommandTimeout='30']
SELECT a0."Name"
FROM "AspNetUserRoles" AS a
INNER JOIN "AspNetRoles" AS a0 ON a."RoleId" = a0."Id"
WHERE a."UserId" = @userId
2026-06-04 04:01:07.306 -05:00 [DBG] [d7e7b6a7-21a0-41fd-8147-fa4179f9aec4] MindedConnections.Api.Services.Auth.AuthService Refresh token rotated for user 3db28be2-44cb-43fd-865c-ee1bcca66e1f
2026-06-04 04:01:07.306 -05:00 [INF] [d7e7b6a7-21a0-41fd-8147-fa4179f9aec4] Serilog.AspNetCore.RequestLoggingMiddleware HTTP POST /auth/refresh responded 200 in 22.1ms
2026-06-04 04:01:07.317 -05:00 [INF] [0ccde918-385d-48ea-86bc-d9d3928bbfc4] Microsoft.EntityFrameworkCore.Database.Command Executed DbCommand (1ms) [Parameters=[@normalizedEmail='?'], CommandType='"Text"', CommandTimeout='30']
SELECT a."Id", a."AccessFailedCount", a."ConcurrencyStamp", a."CreatedAt", a."Email", a."EmailConfirmed", a."FirstName", a."LastName", a."LockoutEnabled", a."LockoutEnd", a."NormalizedEmail", a."NormalizedUserName", a."PasswordHash", a."PhoneNumber", a."PhoneNumberConfirmed", a."SecurityStamp", a."Timezone", a."TwoFactorEnabled", a."UserName"
FROM "AspNetUsers" AS a
WHERE a."NormalizedEmail" = @normalizedEmail
LIMIT 2
2026-06-04 04:01:07.317 -05:00 [WRN] [0ccde918-385d-48ea-86bc-d9d3928bbfc4] MindedConnections.Api.Services.Auth.AuthService Failed login attempt for 
2026-06-04 04:01:07.317 -05:00 [WRN] [0ccde918-385d-48ea-86bc-d9d3928bbfc4] Serilog.AspNetCore.RequestLoggingMiddleware HTTP POST /auth/login responded 401 in 1.5ms
2026-06-04 04:01:07.881 -05:00 [INF] [68176b19-5deb-47c3-8c77-4d076de09568] Microsoft.EntityFrameworkCore.Database.Command Executed DbCommand (1ms) [Parameters=[@normalizedEmail='?'], CommandType='"Text"', CommandTimeout='30']
SELECT a."Id", a."AccessFailedCount", a."ConcurrencyStamp", a."CreatedAt", a."Email", a."EmailConfirmed", a."FirstName", a."LastName", a."LockoutEnabled", a."LockoutEnd", a."NormalizedEmail", a."NormalizedUserName", a."PasswordHash", a."PhoneNumber", a."PhoneNumberConfirmed", a."SecurityStamp", a."Timezone", a."TwoFactorEnabled", a."UserName"
FROM "AspNetUsers" AS a
WHERE a."NormalizedEmail" = @normalizedEmail
LIMIT 2
2026-06-04 04:01:07.881 -05:00 [WRN] [68176b19-5deb-47c3-8c77-4d076de09568] MindedConnections.Api.Services.Auth.AuthService Failed login attempt for 
2026-06-04 04:01:07.881 -05:00 [WRN] [68176b19-5deb-47c3-8c77-4d076de09568] Serilog.AspNetCore.RequestLoggingMiddleware HTTP POST /auth/login responded 401 in 2.2ms
2026-06-04 04:01:07.898 -05:00 [INF] [a78d0041-4d7b-4508-a97f-ba5ada7ea24c] Microsoft.EntityFrameworkCore.Database.Command Executed DbCommand (1ms) [Parameters=[@incomingToken='?'], CommandType='"Text"', CommandTimeout='30']
SELECT r."Id", r.created_at, r.expires_at, r.revoked_at, r.token, r.user_id, a."Id", a."AccessFailedCount", a."ConcurrencyStamp", a."CreatedAt", a."Email", a."EmailConfirmed", a."FirstName", a."LastName", a."LockoutEnabled", a."LockoutEnd", a."NormalizedEmail", a."NormalizedUserName", a."PasswordHash", a."PhoneNumber", a."PhoneNumberConfirmed", a."SecurityStamp", a."Timezone", a."TwoFactorEnabled", a."UserName"
FROM refresh_tokens AS r
INNER JOIN "AspNetUsers" AS a ON r.user_id = a."Id"
WHERE r.token = @incomingToken
LIMIT 2
2026-06-04 04:01:07.899 -05:00 [INF] [a78d0041-4d7b-4508-a97f-ba5ada7ea24c] Microsoft.EntityFrameworkCore.Database.Command Executed DbCommand (1ms) [Parameters=[@p1='?' (DbType = Int32), @p0='?' (DbType = DateTime), @p2='?' (DbType = DateTime), @p3='?' (DbType = DateTime), @p4='?' (DbType = DateTime), @p5='?', @p6='?'], CommandType='"Text"', CommandTimeout='30']
UPDATE refresh_tokens SET revoked_at = @p0
WHERE "Id" = @p1;
INSERT INTO refresh_tokens (created_at, expires_at, revoked_at, token, user_id)
VALUES (@p2, @p3, @p4, @p5, @p6)
RETURNING "Id";
2026-06-04 04:01:07.913 -05:00 [INF] [a78d0041-4d7b-4508-a97f-ba5ada7ea24c] Microsoft.EntityFrameworkCore.Database.Command Executed DbCommand (1ms) [Parameters=[@userId='?'], CommandType='"Text"', CommandTimeout='30']
SELECT a0."Name"
FROM "AspNetUserRoles" AS a
INNER JOIN "AspNetRoles" AS a0 ON a."RoleId" = a0."Id"
WHERE a."UserId" = @userId
2026-06-04 04:01:07.913 -05:00 [DBG] [a78d0041-4d7b-4508-a97f-ba5ada7ea24c] MindedConnections.Api.Services.Auth.AuthService Refresh token rotated for user 3db28be2-44cb-43fd-865c-ee1bcca66e1f
2026-06-04 04:01:07.913 -05:00 [INF] [a78d0041-4d7b-4508-a97f-ba5ada7ea24c] Serilog.AspNetCore.RequestLoggingMiddleware HTTP POST /auth/refresh responded 200 in 17.1ms
2026-06-04 04:01:07.924 -05:00 [INF] [0889083a-d13e-4332-990d-540b56b1af8c] Microsoft.EntityFrameworkCore.Database.Command Executed DbCommand (1ms) [Parameters=[@normalizedEmail='?'], CommandType='"Text"', CommandTimeout='30']
SELECT a."Id", a."AccessFailedCount", a."ConcurrencyStamp", a."CreatedAt", a."Email", a."EmailConfirmed", a."FirstName", a."LastName", a."LockoutEnabled", a."LockoutEnd", a."NormalizedEmail", a."NormalizedUserName", a."PasswordHash", a."PhoneNumber", a."PhoneNumberConfirmed", a."SecurityStamp", a."Timezone", a."TwoFactorEnabled", a."UserName"
FROM "AspNetUsers" AS a
WHERE a."NormalizedEmail" = @normalizedEmail
LIMIT 2
2026-06-04 04:01:07.924 -05:00 [WRN] [0889083a-d13e-4332-990d-540b56b1af8c] MindedConnections.Api.Services.Auth.AuthService Failed login attempt for 
2026-06-04 04:01:07.924 -05:00 [WRN] [0889083a-d13e-4332-990d-540b56b1af8c] Serilog.AspNetCore.RequestLoggingMiddleware HTTP POST /auth/login responded 401 in 1.6ms
2026-06-04 04:01:21.867 -05:00 [INF] [aad06856-813a-4279-838d-3ec2c666127d] Microsoft.EntityFrameworkCore.Database.Command Executed DbCommand (2ms) [Parameters=[@incomingToken='?'], CommandType='"Text"', CommandTimeout='30']
SELECT r."Id", r.created_at, r.expires_at, r.revoked_at, r.token, r.user_id, a."Id", a."AccessFailedCount", a."ConcurrencyStamp", a."CreatedAt", a."Email", a."EmailConfirmed", a."FirstName", a."LastName", a."LockoutEnabled", a."LockoutEnd", a."NormalizedEmail", a."NormalizedUserName", a."PasswordHash", a."PhoneNumber", a."PhoneNumberConfirmed", a."SecurityStamp", a."Timezone", a."TwoFactorEnabled", a."UserName"
FROM refresh_tokens AS r
INNER JOIN "AspNetUsers" AS a ON r.user_id = a."Id"
WHERE r.token = @incomingToken
LIMIT 2
2026-06-04 04:01:21.869 -05:00 [INF] [aad06856-813a-4279-838d-3ec2c666127d] Microsoft.EntityFrameworkCore.Database.Command Executed DbCommand (1ms) [Parameters=[@p1='?' (DbType = Int32), @p0='?' (DbType = DateTime), @p2='?' (DbType = DateTime), @p3='?' (DbType = DateTime), @p4='?' (DbType = DateTime), @p5='?', @p6='?'], CommandType='"Text"', CommandTimeout='30']
UPDATE refresh_tokens SET revoked_at = @p0
WHERE "Id" = @p1;
INSERT INTO refresh_tokens (created_at, expires_at, revoked_at, token, user_id)
VALUES (@p2, @p3, @p4, @p5, @p6)
RETURNING "Id";
2026-06-04 04:01:21.875 -05:00 [INF] [aad06856-813a-4279-838d-3ec2c666127d] Microsoft.EntityFrameworkCore.Database.Command Executed DbCommand (1ms) [Parameters=[@userId='?'], CommandType='"Text"', CommandTimeout='30']
SELECT a0."Name"
FROM "AspNetUserRoles" AS a
INNER JOIN "AspNetRoles" AS a0 ON a."RoleId" = a0."Id"
WHERE a."UserId" = @userId
2026-06-04 04:01:21.876 -05:00 [DBG] [aad06856-813a-4279-838d-3ec2c666127d] MindedConnections.Api.Services.Auth.AuthService Refresh token rotated for user 3db28be2-44cb-43fd-865c-ee1bcca66e1f
2026-06-04 04:01:21.876 -05:00 [INF] [aad06856-813a-4279-838d-3ec2c666127d] Serilog.AspNetCore.RequestLoggingMiddleware HTTP POST /auth/refresh responded 200 in 11.3ms
2026-06-04 04:01:21.995 -05:00 [INF] [f078dad6-9fc9-419b-b738-f806f405aaf9] Microsoft.EntityFrameworkCore.Database.Command Executed DbCommand (1ms) [Parameters=[@p='?'], CommandType='"Text"', CommandTimeout='30']
SELECT a."Id", a."AccessFailedCount", a."ConcurrencyStamp", a."CreatedAt", a."Email", a."EmailConfirmed", a."FirstName", a."LastName", a."LockoutEnabled", a."LockoutEnd", a."NormalizedEmail", a."NormalizedUserName", a."PasswordHash", a."PhoneNumber", a."PhoneNumberConfirmed", a."SecurityStamp", a."Timezone", a."TwoFactorEnabled", a."UserName"
FROM "AspNetUsers" AS a
WHERE a."Id" = @p
LIMIT 1
2026-06-04 04:01:21.996 -05:00 [INF] [f078dad6-9fc9-419b-b738-f806f405aaf9] Microsoft.EntityFrameworkCore.Database.Command Executed DbCommand (1ms) [Parameters=[@userId='?'], CommandType='"Text"', CommandTimeout='30']
SELECT a0."Name"
FROM "AspNetUserRoles" AS a
INNER JOIN "AspNetRoles" AS a0 ON a."RoleId" = a0."Id"
WHERE a."UserId" = @userId
2026-06-04 04:01:21.996 -05:00 [INF] [f078dad6-9fc9-419b-b738-f806f405aaf9] Serilog.AspNetCore.RequestLoggingMiddleware HTTP GET /auth/me responded 200 in 2.9ms
2026-06-04 04:01:22.367 -05:00 [INF] [04df4c2b-ff19-4892-a604-6980779e08ae] Microsoft.EntityFrameworkCore.Database.Command Executed DbCommand (1ms) [Parameters=[@normalizedEmail='?'], CommandType='"Text"', CommandTimeout='30']
SELECT a."Id", a."AccessFailedCount", a."ConcurrencyStamp", a."CreatedAt", a."Email", a."EmailConfirmed", a."FirstName", a."LastName", a."LockoutEnabled", a."LockoutEnd", a."NormalizedEmail", a."NormalizedUserName", a."PasswordHash", a."PhoneNumber", a."PhoneNumberConfirmed", a."SecurityStamp", a."Timezone", a."TwoFactorEnabled", a."UserName"
FROM "AspNetUsers" AS a
WHERE a."NormalizedEmail" = @normalizedEmail
LIMIT 2
2026-06-04 04:01:22.368 -05:00 [WRN] [04df4c2b-ff19-4892-a604-6980779e08ae] MindedConnections.Api.Services.Auth.AuthService Failed login attempt for 
2026-06-04 04:01:22.368 -05:00 [WRN] [04df4c2b-ff19-4892-a604-6980779e08ae] Serilog.AspNetCore.RequestLoggingMiddleware HTTP POST /auth/login responded 401 in 1.9ms
2026-06-04 04:01:22.378 -05:00 [INF] [7c680e8d-aa75-43f7-9987-701bb62d4fde] Microsoft.EntityFrameworkCore.Database.Command Executed DbCommand (1ms) [Parameters=[@incomingToken='?'], CommandType='"Text"', CommandTimeout='30']
SELECT r."Id", r.created_at, r.expires_at, r.revoked_at, r.token, r.user_id, a."Id", a."AccessFailedCount", a."ConcurrencyStamp", a."CreatedAt", a."Email", a."EmailConfirmed", a."FirstName", a."LastName", a."LockoutEnabled", a."LockoutEnd", a."NormalizedEmail", a."NormalizedUserName", a."PasswordHash", a."PhoneNumber", a."PhoneNumberConfirmed", a."SecurityStamp", a."Timezone", a."TwoFactorEnabled", a."UserName"
FROM refresh_tokens AS r
INNER JOIN "AspNetUsers" AS a ON r.user_id = a."Id"
WHERE r.token = @incomingToken
LIMIT 2
2026-06-04 04:01:22.379 -05:00 [INF] [7c680e8d-aa75-43f7-9987-701bb62d4fde] Microsoft.EntityFrameworkCore.Database.Command Executed DbCommand (1ms) [Parameters=[@p1='?' (DbType = Int32), @p0='?' (DbType = DateTime), @p2='?' (DbType = DateTime), @p3='?' (DbType = DateTime), @p4='?' (DbType = DateTime), @p5='?', @p6='?'], CommandType='"Text"', CommandTimeout='30']
UPDATE refresh_tokens SET revoked_at = @p0
WHERE "Id" = @p1;
INSERT INTO refresh_tokens (created_at, expires_at, revoked_at, token, user_id)
VALUES (@p2, @p3, @p4, @p5, @p6)
RETURNING "Id";
2026-06-04 04:01:22.386 -05:00 [INF] [7c680e8d-aa75-43f7-9987-701bb62d4fde] Microsoft.EntityFrameworkCore.Database.Command Executed DbCommand (1ms) [Parameters=[@userId='?'], CommandType='"Text"', CommandTimeout='30']
SELECT a0."Name"
FROM "AspNetUserRoles" AS a
INNER JOIN "AspNetRoles" AS a0 ON a."RoleId" = a0."Id"
WHERE a."UserId" = @userId
2026-06-04 04:01:22.386 -05:00 [DBG] [7c680e8d-aa75-43f7-9987-701bb62d4fde] MindedConnections.Api.Services.Auth.AuthService Refresh token rotated for user 3db28be2-44cb-43fd-865c-ee1bcca66e1f
2026-06-04 04:01:22.386 -05:00 [INF] [7c680e8d-aa75-43f7-9987-701bb62d4fde] Serilog.AspNetCore.RequestLoggingMiddleware HTTP POST /auth/refresh responded 200 in 10.3ms
2026-06-04 04:01:22.398 -05:00 [INF] [9c2c0777-921c-43f8-b57d-ad470d4055e3] Microsoft.EntityFrameworkCore.Database.Command Executed DbCommand (1ms) [Parameters=[@normalizedEmail='?'], CommandType='"Text"', CommandTimeout='30']
SELECT a."Id", a."AccessFailedCount", a."ConcurrencyStamp", a."CreatedAt", a."Email", a."EmailConfirmed", a."FirstName", a."LastName", a."LockoutEnabled", a."LockoutEnd", a."NormalizedEmail", a."NormalizedUserName", a."PasswordHash", a."PhoneNumber", a."PhoneNumberConfirmed", a."SecurityStamp", a."Timezone", a."TwoFactorEnabled", a."UserName"
FROM "AspNetUsers" AS a
WHERE a."NormalizedEmail" = @normalizedEmail
LIMIT 2
2026-06-04 04:01:22.398 -05:00 [WRN] [9c2c0777-921c-43f8-b57d-ad470d4055e3] MindedConnections.Api.Services.Auth.AuthService Failed login attempt for 
2026-06-04 04:01:22.399 -05:00 [WRN] [9c2c0777-921c-43f8-b57d-ad470d4055e3] Serilog.AspNetCore.RequestLoggingMiddleware HTTP POST /auth/login responded 401 in 1.7ms
2026-06-04 04:01:41.639 -05:00 [INF] [f689321e-8e9e-446d-a083-fb6612257d01] Microsoft.EntityFrameworkCore.Database.Command Executed DbCommand (1ms) [Parameters=[@normalizedEmail='?'], CommandType='"Text"', CommandTimeout='30']
SELECT a."Id", a."AccessFailedCount", a."ConcurrencyStamp", a."CreatedAt", a."Email", a."EmailConfirmed", a."FirstName", a."LastName", a."LockoutEnabled", a."LockoutEnd", a."NormalizedEmail", a."NormalizedUserName", a."PasswordHash", a."PhoneNumber", a."PhoneNumberConfirmed", a."SecurityStamp", a."Timezone", a."TwoFactorEnabled", a."UserName"
FROM "AspNetUsers" AS a
WHERE a."NormalizedEmail" = @normalizedEmail
LIMIT 2
2026-06-04 04:01:41.640 -05:00 [WRN] [f689321e-8e9e-446d-a083-fb6612257d01] MindedConnections.Api.Services.Auth.AuthService Failed login attempt for 
2026-06-04 04:01:41.640 -05:00 [WRN] [f689321e-8e9e-446d-a083-fb6612257d01] Serilog.AspNetCore.RequestLoggingMiddleware HTTP POST /auth/login responded 401 in 1.6ms
2026-06-04 04:01:41.675 -05:00 [INF] [db3134c6-f7da-4e5f-a962-97479fce4f55] Microsoft.EntityFrameworkCore.Database.Command Executed DbCommand (1ms) [Parameters=[@incomingToken='?'], CommandType='"Text"', CommandTimeout='30']
SELECT r."Id", r.created_at, r.expires_at, r.revoked_at, r.token, r.user_id, a."Id", a."AccessFailedCount", a."ConcurrencyStamp", a."CreatedAt", a."Email", a."EmailConfirmed", a."FirstName", a."LastName", a."LockoutEnabled", a."LockoutEnd", a."NormalizedEmail", a."NormalizedUserName", a."PasswordHash", a."PhoneNumber", a."PhoneNumberConfirmed", a."SecurityStamp", a."Timezone", a."TwoFactorEnabled", a."UserName"
FROM refresh_tokens AS r
INNER JOIN "AspNetUsers" AS a ON r.user_id = a."Id"
WHERE r.token = @incomingToken
LIMIT 2
2026-06-04 04:01:41.676 -05:00 [INF] [db3134c6-f7da-4e5f-a962-97479fce4f55] Microsoft.EntityFrameworkCore.Database.Command Executed DbCommand (1ms) [Parameters=[@p1='?' (DbType = Int32), @p0='?' (DbType = DateTime), @p2='?' (DbType = DateTime), @p3='?' (DbType = DateTime), @p4='?' (DbType = DateTime), @p5='?', @p6='?'], CommandType='"Text"', CommandTimeout='30']
UPDATE refresh_tokens SET revoked_at = @p0
WHERE "Id" = @p1;
INSERT INTO refresh_tokens (created_at, expires_at, revoked_at, token, user_id)
VALUES (@p2, @p3, @p4, @p5, @p6)
RETURNING "Id";
2026-06-04 04:01:41.680 -05:00 [INF] [db3134c6-f7da-4e5f-a962-97479fce4f55] Microsoft.EntityFrameworkCore.Database.Command Executed DbCommand (1ms) [Parameters=[@userId='?'], CommandType='"Text"', CommandTimeout='30']
SELECT a0."Name"
FROM "AspNetUserRoles" AS a
INNER JOIN "AspNetRoles" AS a0 ON a."RoleId" = a0."Id"
WHERE a."UserId" = @userId
2026-06-04 04:01:41.680 -05:00 [DBG] [db3134c6-f7da-4e5f-a962-97479fce4f55] MindedConnections.Api.Services.Auth.AuthService Refresh token rotated for user 3db28be2-44cb-43fd-865c-ee1bcca66e1f
2026-06-04 04:01:41.681 -05:00 [INF] [db3134c6-f7da-4e5f-a962-97479fce4f55] Serilog.AspNetCore.RequestLoggingMiddleware HTTP POST /auth/refresh responded 200 in 6.7ms
2026-06-04 04:01:41.692 -05:00 [INF] [d3225ed6-c068-4625-9774-73d0522ca17d] Microsoft.EntityFrameworkCore.Database.Command Executed DbCommand (1ms) [Parameters=[@normalizedEmail='?'], CommandType='"Text"', CommandTimeout='30']
SELECT a."Id", a."AccessFailedCount", a."ConcurrencyStamp", a."CreatedAt", a."Email", a."EmailConfirmed", a."FirstName", a."LastName", a."LockoutEnabled", a."LockoutEnd", a."NormalizedEmail", a."NormalizedUserName", a."PasswordHash", a."PhoneNumber", a."PhoneNumberConfirmed", a."SecurityStamp", a."Timezone", a."TwoFactorEnabled", a."UserName"
FROM "AspNetUsers" AS a
WHERE a."NormalizedEmail" = @normalizedEmail
LIMIT 2
2026-06-04 04:01:41.692 -05:00 [WRN] [d3225ed6-c068-4625-9774-73d0522ca17d] MindedConnections.Api.Services.Auth.AuthService Failed login attempt for 
2026-06-04 04:01:41.693 -05:00 [WRN] [d3225ed6-c068-4625-9774-73d0522ca17d] Serilog.AspNetCore.RequestLoggingMiddleware HTTP POST /auth/login responded 401 in 2.3ms
2026-06-04 04:03:16.855 -05:00 [INF] [] Microsoft.Hosting.Lifetime Application is shutting down...
